lat,lon,sz,names,len_cat,street,street_nodes,street_id,node_id,source_city,source_city_id
43.5892526,-79.5431893,2,James Street (953),a,James Street,19,5411825,579923953,Etobicoke,38014
43.5892616,-79.5430694,2,Forty First Street (290),a,Forty First Street,18,5411821,579923290,Etobicoke,38014
43.5892998,-79.5431292,2,Forty First Street (289),a,Forty First Street,18,5411821,579923289,Etobicoke,38014
43.5893372,-79.5431868,2,Forty First Street (288),a,Forty First Street,18,5411821,579923288,Etobicoke,38014
43.5893408,-79.5430792,2,James Street (952),a,James Street,19,5411825,579923952,Etobicoke,38014
43.5901293,-79.5407113,2,James Street (951),a,James Street,19,5411825,579923951,Etobicoke,38014
43.590284,-79.5406894,2,Fortieth Street (287),a,Fortieth Street,17,5411755,579923287,Etobicoke,38014
43.5903654,-79.5406482,2,James Street (955),a,James Street,19,5411825,579923955,Etobicoke,38014
43.5903837,-79.5407324,2,Fortieth Street (286),a,Fortieth Street,17,5411755,579923286,Etobicoke,38014
43.5927163,-79.5447214,2,Foch Avenue (281),a,Foch Avenue,23,5412150,579923281,Etobicoke,38014
43.5927802,-79.5447575,2,Foch Avenue (280),a,Foch Avenue,23,5412150,579923280,Etobicoke,38014
43.5930567,-79.5448965,2,Foch Avenue (278),a,Foch Avenue,23,5412150,579923278,Etobicoke,38014
43.5930567,-79.5448965,2,Foch Avenue (279),a,Foch Avenue,23,5412150,579923279,Etobicoke,38014
43.6431766,-79.5858848,2,Laver Road (302),a,Laver Road,8,5412402,98229302,Etobicoke,38014
43.6433098,-79.5856175,2,Laver Road (303),a,Laver Road,8,5412402,98229303,Etobicoke,38014
43.6433385,-79.5868385,2,Mill Road (624),a,Mill Road,117,5412247,579924624,Etobicoke,38014
43.6433992,-79.5868857,2,Mill Road (625),a,Mill Road,117,5412247,579924625,Etobicoke,38014
43.6434809,-79.5854297,2,Laver Road (304),a,Laver Road,8,5412402,98229304,Etobicoke,38014
43.6434998,-79.5869672,2,Mill Road (571),a,Mill Road,117,5412247,308214571,Etobicoke,38014
43.6436351,-79.5870855,2,Mill Road (754),a,Mill Road,117,5412247,97354754,Etobicoke,38014
43.6436468,-79.5870972,2,Mill Road (674),a,Mill Road,117,5412247,392358674,Etobicoke,38014
43.6438017,-79.5872533,2,Mill Road (626),a,Mill Road,117,5412247,579924626,Etobicoke,38014
43.6439039,-79.5873664,2,Mill Road (627),a,Mill Road,117,5412247,579924627,Etobicoke,38014
43.6440317,-79.587505,2,Mill Road (573),a,Mill Road,117,5412247,308214573,Etobicoke,38014
43.6441559,-79.5876583,2,Mill Road (756),a,Mill Road,117,5412247,97354756,Etobicoke,38014
43.6443245,-79.5878923,2,Mill Road (628),a,Mill Road,117,5412247,579924628,Etobicoke,38014
43.6444989,-79.5881499,2,Mill Road (629),a,Mill Road,117,5412247,579924629,Etobicoke,38014
43.6446986,-79.5884992,2,Mill Road (630),a,Mill Road,117,5412247,579924630,Etobicoke,38014
43.6446986,-79.5884992,2,Pebble Valley Lane (922),a,Pebble Valley Lane,8,5413238,579924922,Etobicoke,38014
43.6447348,-79.5884563,2,Pebble Valley Lane (923),a,Pebble Valley Lane,8,5413238,579924923,Etobicoke,38014
43.6447396,-79.5885775,2,Mill Road (631),a,Mill Road,117,5412247,579924631,Etobicoke,38014
43.6447739,-79.5884098,2,Pebble Valley Lane (924),a,Pebble Valley Lane,8,5413238,579924924,Etobicoke,38014
43.6447773,-79.584033,2,Elmcrest Road (924),a,Elmcrest Road,21,5412254,579922924,Etobicoke,38014
43.644793,-79.5883872,2,Pebble Valley Lane (925),a,Pebble Valley Lane,8,5413238,579924925,Etobicoke,38014
43.6448065,-79.5840794,2,Elmcrest Road (072),a,Elmcrest Road,21,5412254,97417072,Etobicoke,38014
43.6448065,-79.5840794,2,Laver Road (305),a,Laver Road,8,5412402,98229305,Etobicoke,38014
43.6449586,-79.5889953,2,Mill Road (632),a,Mill Road,117,5412247,579924632,Etobicoke,38014
43.6451369,-79.5893355,2,Mill Road (633),a,Mill Road,117,5412247,579924633,Etobicoke,38014
43.6452255,-79.5904296,2,Rathburn Road (952),a,Rathburn Road,200,5411752,93838952,Etobicoke,38014
43.6453295,-79.5897075,2,Mill Road (634),a,Mill Road,117,5412247,579924634,Etobicoke,38014
43.645422,-79.587608,2,Pebble Valley Lane (073),a,Pebble Valley Lane,8,5413238,99001073,Etobicoke,38014
43.6454535,-79.5899394,2,Mill Road (635),a,Mill Road,117,5412247,579924635,Etobicoke,38014
43.6454657,-79.5899623,2,Mill Road (005),a,Mill Road,117,5412247,504638005,Etobicoke,38014
43.6454842,-79.5875446,2,Pebble Valley Lane (074),a,Pebble Valley Lane,8,5413238,99001074,Etobicoke,38014
43.6455364,-79.5900827,2,Rathburn Road (950),a,Rathburn Road,200,5411752,93838950,Etobicoke,38014
43.6455364,-79.5900827,2,Rathburn Road (955),a,Rathburn Road,200,5411752,93838955,Etobicoke,38014
43.6455364,-79.5900827,2,Mill Road (763),a,Mill Road,117,5412247,97354763,Etobicoke,38014
43.6455364,-79.5900827,2,Centennial Park Boulevard (985),a,Centennial Park Boulevard,153,5412253,97412985,Etobicoke,38014
43.6455364,-79.5900827,2,Centennial Park Boulevard (057),a,Centennial Park Boulevard,153,5412253,97413057,Etobicoke,38014
43.6455466,-79.5874935,2,Pebble Valley Lane (075),a,Pebble Valley Lane,8,5413238,99001075,Etobicoke,38014
43.6455712,-79.5902212,2,Centennial Park Boulevard (846),a,Centennial Park Boulevard,153,5412253,560927846,Etobicoke,38014
43.645573,-79.5900219,2,Rathburn Road (248),a,Rathburn Road,200,5411752,579925248,Etobicoke,38014
43.6455917,-79.5937098,2,Centennial Park Boulevard (046),a,Centennial Park Boulevard,153,5412253,97413046,Etobicoke,38014
43.6455934,-79.5939345,2,Centennial Park Boulevard (850),a,Centennial Park Boulevard,153,5412253,560927850,Etobicoke,38014
43.6455936,-79.5901437,2,Centennial Park Boulevard (824),a,Centennial Park Boulevard,153,5412253,560927824,Etobicoke,38014
43.6455977,-79.5902768,2,Centennial Park Boulevard (056),a,Centennial Park Boulevard,153,5412253,97413056,Etobicoke,38014
43.645603,-79.5899734,2,Rathburn Road (247),a,Rathburn Road,200,5411752,579925247,Etobicoke,38014
43.6456032,-79.5941267,2,Centennial Park Boulevard (045),a,Centennial Park Boulevard,153,5412253,97413045,Etobicoke,38014
43.6456077,-79.5933982,2,Centennial Park Boulevard (849),a,Centennial Park Boulevard,153,5412253,560927849,Etobicoke,38014
43.6456315,-79.5943737,2,Centennial Park Boulevard (848),a,Centennial Park Boulevard,153,5412253,560927848,Etobicoke,38014
43.6456349,-79.5930502,2,Centennial Park Boulevard (047),a,Centennial Park Boulevard,153,5412253,97413047,Etobicoke,38014
43.6456547,-79.5902091,2,Centennial Park Boulevard (986),a,Centennial Park Boulevard,153,5412253,97412986,Etobicoke,38014
43.6456688,-79.5904332,2,Centennial Park Boulevard (852),a,Centennial Park Boulevard,153,5412253,560927852,Etobicoke,38014
43.6456769,-79.5925888,2,Centennial Park Boulevard (851),a,Centennial Park Boulevard,153,5412253,560927851,Etobicoke,38014
43.6456821,-79.5946509,2,Centennial Park Boulevard (044),a,Centennial Park Boulevard,153,5412253,97413044,Etobicoke,38014
43.6456986,-79.5874032,2,Pebble Valley Lane (076),a,Pebble Valley Lane,8,5413238,99001076,Etobicoke,38014
43.645719,-79.5937081,2,Centennial Park Boulevard (997),a,Centennial Park Boulevard,153,5412253,97412997,Etobicoke,38014
43.6457199,-79.5921657,2,Centennial Park Boulevard (048),a,Centennial Park Boulevard,153,5412253,97413048,Etobicoke,38014
43.6457208,-79.5903451,2,Centennial Park Boulevard (825),a,Centennial Park Boulevard,153,5412253,560927825,Etobicoke,38014
43.6457265,-79.5853756,2,Elmcrest Road (073),a,Elmcrest Road,21,5412254,97417073,Etobicoke,38014
43.6457265,-79.5853756,2,Esposito Court (442),a,Esposito Court,18,5413235,99000442,Etobicoke,38014
43.6457306,-79.5940969,2,Centennial Park Boulevard (998),a,Centennial Park Boulevard,153,5412253,97412998,Etobicoke,38014
43.6457308,-79.5905948,2,Centennial Park Boulevard (054),a,Centennial Park Boulevard,153,5412253,97413054,Etobicoke,38014
43.6457329,-79.5948559,2,Centennial Park Boulevard (043),a,Centennial Park Boulevard,153,5412253,97413043,Etobicoke,38014
43.6457339,-79.5934382,2,Centennial Park Boulevard (996),a,Centennial Park Boulevard,153,5412253,97412996,Etobicoke,38014
43.6457636,-79.5943626,2,Centennial Park Boulevard (826),a,Centennial Park Boulevard,153,5412253,560927826,Etobicoke,38014
43.6457652,-79.5930384,2,Centennial Park Boulevard (995),a,Centennial Park Boulevard,153,5412253,97412995,Etobicoke,38014
43.6457691,-79.5907317,2,Centennial Park Boulevard (053),a,Centennial Park Boulevard,153,5412253,97413053,Etobicoke,38014
43.6457807,-79.5852866,2,Esposito Court (443),a,Esposito Court,18,5413235,99000443,Etobicoke,38014
43.6457849,-79.5904991,2,Centennial Park Boulevard (987),a,Centennial Park Boulevard,153,5412253,97412987,Etobicoke,38014
43.645792,-79.5950496,2,Centennial Park Boulevard (042),a,Centennial Park Boulevard,153,5412253,97413042,Etobicoke,38014
43.6457984,-79.5945773,2,Centennial Park Boulevard (999),a,Centennial Park Boulevard,153,5412253,97412999,Etobicoke,38014
43.6457992,-79.5908939,2,Centennial Park Boulevard (052),a,Centennial Park Boulevard,153,5412253,97413052,Etobicoke,38014
43.645801,-79.5852641,2,Esposito Court (294),a,Esposito Court,18,5413235,359577294,Etobicoke,38014
43.6458086,-79.591393,2,Centennial Park Boulevard (049),a,Centennial Park Boulevard,153,5412253,97413049,Etobicoke,38014
43.645815,-79.5910546,2,Centennial Park Boulevard (051),a,Centennial Park Boulevard,153,5412253,97413051,Etobicoke,38014
43.6458212,-79.5912211,2,Centennial Park Boulevard (050),a,Centennial Park Boulevard,153,5412253,97413050,Etobicoke,38014
43.6458337,-79.5922156,2,Centennial Park Boulevard (994),a,Centennial Park Boulevard,153,5412253,97412994,Etobicoke,38014
43.6458345,-79.583851,2,Esposito Court (458),a,Esposito Court,18,5413235,99000458,Etobicoke,38014
43.6458427,-79.5906913,2,Centennial Park Boulevard (988),a,Centennial Park Boulevard,153,5412253,97412988,Etobicoke,38014
43.645848,-79.5947821,2,Centennial Park Boulevard (000),a,Centennial Park Boulevard,153,5412253,97413000,Etobicoke,38014
43.6458577,-79.5952268,2,Centennial Park Boulevard (847),a,Centennial Park Boulevard,153,5412253,560927847,Etobicoke,38014
43.6458631,-79.5917675,2,Centennial Park Boulevard (993),a,Centennial Park Boulevard,153,5412253,97412993,Etobicoke,38014
43.6458769,-79.5851797,2,Esposito Court (444),a,Esposito Court,18,5413235,99000444,Etobicoke,38014
43.6458826,-79.5909203,2,Centennial Park Boulevard (989),a,Centennial Park Boulevard,153,5412253,97412989,Etobicoke,38014
43.6458874,-79.5895011,2,Rathburn Road (948),a,Rathburn Road,200,5411752,93838948,Etobicoke,38014
43.6458875,-79.5914153,2,Centennial Park Boulevard (992),a,Centennial Park Boulevard,153,5412253,97412992,Etobicoke,38014
43.6458973,-79.5910787,2,Centennial Park Boulevard (990),a,Centennial Park Boulevard,153,5412253,97412990,Etobicoke,38014
43.6458984,-79.5912227,2,Centennial Park Boulevard (991),a,Centennial Park Boulevard,153,5412253,97412991,Etobicoke,38014
43.6459108,-79.5949891,2,Centennial Park Boulevard (001),a,Centennial Park Boulevard,153,5412253,97413001,Etobicoke,38014
43.6459225,-79.5839854,2,Esposito Court (457),a,Esposito Court,18,5413235,99000457,Etobicoke,38014
43.645924,-79.5953922,2,Centennial Park Boulevard (041),a,Centennial Park Boulevard,153,5412253,97413041,Etobicoke,38014
43.645924,-79.5953922,2,Centennial Park Boulevard (311),a,Centennial Park Boulevard,153,5412253,579922311,Etobicoke,38014
43.6459483,-79.5840485,2,Esposito Court (456),a,Esposito Court,18,5413235,99000456,Etobicoke,38014
43.6459706,-79.5841167,2,Esposito Court (455),a,Esposito Court,18,5413235,99000455,Etobicoke,38014
43.6459755,-79.5841548,2,Esposito Court (454),a,Esposito Court,18,5413235,99000454,Etobicoke,38014
43.6459765,-79.5850711,2,Esposito Court (445),a,Esposito Court,18,5413235,99000445,Etobicoke,38014
43.6459786,-79.5955103,2,Centennial Park Boulevard (310),a,Centennial Park Boulevard,153,5412253,579922310,Etobicoke,38014
43.6460183,-79.5850488,2,Esposito Court (446),a,Esposito Court,18,5413235,99000446,Etobicoke,38014
43.6460227,-79.5850471,2,Esposito Court (447),a,Esposito Court,18,5413235,99000447,Etobicoke,38014
43.6460315,-79.595302,2,Centennial Park Boulevard (002),a,Centennial Park Boulevard,153,5412253,97413002,Etobicoke,38014
43.6460502,-79.5847729,2,Esposito Court (453),a,Esposito Court,18,5413235,99000453,Etobicoke,38014
43.6460579,-79.5858142,2,Elmcrest Road (074),a,Elmcrest Road,21,5412254,97417074,Etobicoke,38014
43.6460621,-79.5848451,2,Esposito Court (452),a,Esposito Court,18,5413235,99000452,Etobicoke,38014
43.6460643,-79.5956724,2,Centennial Park Boulevard (309),a,Centennial Park Boulevard,153,5412253,579922309,Etobicoke,38014
43.6460781,-79.5850256,2,Esposito Court (448),a,Esposito Court,18,5413235,99000448,Etobicoke,38014
43.6460846,-79.5849068,2,Esposito Court (451),a,Esposito Court,18,5413235,99000451,Etobicoke,38014
43.6460918,-79.5849842,2,Esposito Court (449),a,Esposito Court,18,5413235,99000449,Etobicoke,38014
43.6460953,-79.5849735,2,Esposito Court (450),a,Esposito Court,18,5413235,99000450,Etobicoke,38014
43.6461264,-79.5954962,2,Centennial Park Boulevard (003),a,Centennial Park Boulevard,153,5412253,97413003,Etobicoke,38014
43.64617,-79.595841,2,Centennial Park Boulevard (308),a,Centennial Park Boulevard,153,5412253,579922308,Etobicoke,38014
43.6461859,-79.5890062,2,Rathburn Road (946),a,Rathburn Road,200,5411752,93838946,Etobicoke,38014
43.6462414,-79.5859274,2,Elmcrest Road (075),a,Elmcrest Road,21,5412254,97417075,Etobicoke,38014
43.6462582,-79.5957136,2,Centennial Park Boulevard (004),a,Centennial Park Boulevard,153,5412253,97413004,Etobicoke,38014
43.6463212,-79.5960473,2,Centennial Park Boulevard (307),a,Centennial Park Boulevard,153,5412253,579922307,Etobicoke,38014
43.6463278,-79.5859691,2,Elmcrest Road (620),a,Elmcrest Road,21,5412254,503157620,Etobicoke,38014
43.6463844,-79.5958862,2,Centennial Park Boulevard (827),a,Centennial Park Boulevard,153,5412253,560927827,Etobicoke,38014
43.6464612,-79.5962083,2,Centennial Park Boulevard (306),a,Centennial Park Boulevard,153,5412253,579922306,Etobicoke,38014
43.6465055,-79.5884765,2,Rathburn Road (945),a,Rathburn Road,200,5411752,93838945,Etobicoke,38014
43.6465326,-79.5960616,2,Centennial Park Boulevard (005),a,Centennial Park Boulevard,153,5412253,97413005,Etobicoke,38014
43.6465397,-79.5833413,2,Canerouth Drive (519),a,Canerouth Drive,20,5413234,98999519,Etobicoke,38014
43.6465965,-79.5963406,2,Centennial Park Boulevard (305),a,Centennial Park Boulevard,153,5412253,579922305,Etobicoke,38014
43.6466084,-79.6034949,2,Rakely Court (307),a,Rakely Court,15,5413326,99031307,Etobicoke,38014
43.6466119,-79.583352,2,Canerouth Drive (520),a,Canerouth Drive,20,5413234,98999520,Etobicoke,38014
43.6466451,-79.6037193,2,Rakely Court (306),a,Rakely Court,15,5413326,99031306,Etobicoke,38014
43.6466558,-79.6084344,2,Eglinton Avenue West (972),a,Eglinton Avenue West,299,5411523,297384972,Etobicoke,38014
43.6466662,-79.5833755,2,Canerouth Drive (521),a,Canerouth Drive,20,5413234,98999521,Etobicoke,38014
43.6466759,-79.5962023,2,Centennial Park Boulevard (828),a,Centennial Park Boulevard,153,5412253,560927828,Etobicoke,38014
43.6467062,-79.6038978,2,Rakely Court (305),a,Rakely Court,15,5413326,99031305,Etobicoke,38014
43.6467298,-79.5834236,2,Canerouth Drive (522),a,Canerouth Drive,20,5413234,98999522,Etobicoke,38014
43.6467754,-79.5834721,2,Canerouth Drive (523),a,Canerouth Drive,20,5413234,98999523,Etobicoke,38014
43.6467882,-79.5964925,2,Centennial Park Boulevard (304),a,Centennial Park Boulevard,153,5412253,579922304,Etobicoke,38014
43.6468144,-79.6041053,2,Rakely Court (304),a,Rakely Court,15,5413326,99031304,Etobicoke,38014
43.6468215,-79.5835578,2,Canerouth Drive (524),a,Canerouth Drive,20,5413234,98999524,Etobicoke,38014
43.6468441,-79.596343,2,Centennial Park Boulevard (006),a,Centennial Park Boulevard,153,5412253,97413006,Etobicoke,38014
43.6468494,-79.5836316,2,Canerouth Drive (525),a,Canerouth Drive,20,5413234,98999525,Etobicoke,38014
43.6468743,-79.5837126,2,Canerouth Drive (526),a,Canerouth Drive,20,5413234,98999526,Etobicoke,38014
43.6469014,-79.5838245,2,Canerouth Drive (527),a,Canerouth Drive,20,5413234,98999527,Etobicoke,38014
43.6469112,-79.5965794,2,Centennial Park Boulevard (303),a,Centennial Park Boulevard,153,5412253,579922303,Etobicoke,38014
43.6469435,-79.5840109,2,Canerouth Drive (528),a,Canerouth Drive,20,5413234,98999528,Etobicoke,38014
43.6469435,-79.5840109,2,Canerouth Drive (529),a,Canerouth Drive,20,5413234,98999529,Etobicoke,38014
43.6469435,-79.5840109,2,Ivybridge Drive (942),a,Ivybridge Drive,10,5413237,99000942,Etobicoke,38014
43.6469436,-79.5862665,2,Elmcrest Road (076),a,Elmcrest Road,21,5412254,97417076,Etobicoke,38014
43.6469482,-79.5877427,2,Rathburn Road (943),a,Rathburn Road,200,5411752,93838943,Etobicoke,38014
43.646968,-79.6043176,2,Rakely Court (303),a,Rakely Court,15,5413326,99031303,Etobicoke,38014
43.646974,-79.5964253,2,Centennial Park Boulevard (829),a,Centennial Park Boulevard,153,5412253,560927829,Etobicoke,38014
43.6470645,-79.6079998,2,Eglinton Avenue West (971),a,Eglinton Avenue West,299,5411523,297384971,Etobicoke,38014
43.6470793,-79.596665,2,Centennial Park Boulevard (302),a,Centennial Park Boulevard,153,5412253,579922302,Etobicoke,38014
43.6471222,-79.5965045,2,Centennial Park Boulevard (007),a,Centennial Park Boulevard,153,5412253,97413007,Etobicoke,38014
43.6471237,-79.6045341,2,Rakely Court (302),a,Rakely Court,15,5413326,99031302,Etobicoke,38014
43.6471237,-79.6045341,2,Lone Oak Court (550),a,Lone Oak Court,10,5413328,99031550,Etobicoke,38014
43.6471319,-79.5839348,2,Ivybridge Drive (943),a,Ivybridge Drive,10,5413237,99000943,Etobicoke,38014
43.647135,-79.5849611,2,Canerouth Drive (530),a,Canerouth Drive,20,5413234,98999530,Etobicoke,38014
43.6471578,-79.5850532,2,Canerouth Drive (531),a,Canerouth Drive,20,5413234,98999531,Etobicoke,38014
43.647166,-79.6044687,2,Lone Oak Court (551),a,Lone Oak Court,10,5413328,99031551,Etobicoke,38014
43.6471717,-79.5967076,2,Centennial Park Boulevard (301),a,Centennial Park Boulevard,153,5412253,579922301,Etobicoke,38014
43.6471747,-79.5850926,2,Canerouth Drive (532),a,Canerouth Drive,20,5413234,98999532,Etobicoke,38014
43.6471972,-79.5851225,2,Canerouth Drive (533),a,Canerouth Drive,20,5413234,98999533,Etobicoke,38014
43.6471997,-79.5839194,2,Ivybridge Drive (944),a,Ivybridge Drive,10,5413237,99000944,Etobicoke,38014
43.6472252,-79.5965513,2,Centennial Park Boulevard (830),a,Centennial Park Boulevard,153,5412253,560927830,Etobicoke,38014
43.6472412,-79.5839238,2,Ivybridge Drive (945),a,Ivybridge Drive,10,5413237,99000945,Etobicoke,38014
43.6472441,-79.6043478,2,Lone Oak Court (552),a,Lone Oak Court,10,5413328,99031552,Etobicoke,38014
43.6472788,-79.5839454,2,Ivybridge Drive (946),a,Ivybridge Drive,10,5413237,99000946,Etobicoke,38014
43.647314,-79.5967617,2,Centennial Park Boulevard (300),a,Centennial Park Boulevard,153,5412253,579922300,Etobicoke,38014
43.6473261,-79.5839886,2,Ivybridge Drive (947),a,Ivybridge Drive,10,5413237,99000947,Etobicoke,38014
43.6473408,-79.5965946,2,Centennial Park Boulevard (008),a,Centennial Park Boulevard,153,5412253,97413008,Etobicoke,38014
43.6474179,-79.5840728,2,Ivybridge Drive (948),a,Ivybridge Drive,10,5413237,99000948,Etobicoke,38014
43.6474497,-79.5867605,2,Elmcrest Road (006),a,Elmcrest Road,21,5412254,504638006,Etobicoke,38014
43.6474546,-79.5968011,2,Centennial Park Boulevard (299),a,Centennial Park Boulevard,153,5412253,579922299,Etobicoke,38014
43.6474705,-79.5869275,2,Rathburn Road (466),a,Rathburn Road,200,5411752,560927466,Etobicoke,38014
43.64748,-79.5966309,2,Centennial Park Boulevard (831),a,Centennial Park Boulevard,153,5412253,560927831,Etobicoke,38014
43.6475281,-79.5868374,2,Rathburn Road (941),a,Rathburn Road,200,5411752,93838941,Etobicoke,38014
43.6475281,-79.5868374,2,Elmcrest Road (077),a,Elmcrest Road,21,5412254,97417077,Etobicoke,38014
43.6475281,-79.5868374,2,Elmcrest Road (078),a,Elmcrest Road,21,5412254,97417078,Etobicoke,38014
43.6475737,-79.5854997,2,Canerouth Drive (534),a,Canerouth Drive,20,5413234,98999534,Etobicoke,38014
43.6475757,-79.5867591,2,Rathburn Road (467),a,Rathburn Road,200,5411752,560927467,Etobicoke,38014
43.647587,-79.586906,2,Elmcrest Road (925),a,Elmcrest Road,21,5412254,579922925,Etobicoke,38014
43.6476365,-79.5968283,2,Centennial Park Boulevard (298),a,Centennial Park Boulevard,153,5412253,579922298,Etobicoke,38014
43.6476388,-79.5966566,2,Centennial Park Boulevard (009),a,Centennial Park Boulevard,153,5412253,97413009,Etobicoke,38014
43.6477899,-79.5825059,2,Warlingham Court (621),a,Warlingham Court,18,5413240,99001621,Etobicoke,38014
43.6477912,-79.6051789,2,Rakely Court (301),a,Rakely Court,15,5413326,99031301,Etobicoke,38014
43.6477949,-79.596669,2,Centennial Park Boulevard (832),a,Centennial Park Boulevard,153,5412253,560927832,Etobicoke,38014
43.6477981,-79.5824437,2,Warlingham Court (620),a,Warlingham Court,18,5413240,99001620,Etobicoke,38014
43.6478178,-79.5825796,2,Warlingham Court (622),a,Warlingham Court,18,5413240,99001622,Etobicoke,38014
43.6478194,-79.5968432,2,Centennial Park Boulevard (297),a,Centennial Park Boulevard,153,5412253,579922297,Etobicoke,38014
43.6478245,-79.5823935,2,Warlingham Court (619),a,Warlingham Court,18,5413240,99001619,Etobicoke,38014
43.647826,-79.5857923,2,Canerouth Drive (535),a,Canerouth Drive,20,5413234,98999535,Etobicoke,38014
43.6478374,-79.603629,2,Lone Oak Court (071),a,Lone Oak Court,10,5413328,497596071,Etobicoke,38014
43.6478455,-79.6036191,2,Lone Oak Court (553),a,Lone Oak Court,10,5413328,99031553,Etobicoke,38014
43.6478631,-79.5826034,2,Warlingham Court (623),a,Warlingham Court,18,5413240,99001623,Etobicoke,38014
43.6478689,-79.5823429,2,Warlingham Court (618),a,Warlingham Court,18,5413240,99001618,Etobicoke,38014
43.6478995,-79.5826273,2,Warlingham Court (624),a,Warlingham Court,18,5413240,99001624,Etobicoke,38014
43.6479136,-79.5858934,2,Canerouth Drive (536),a,Canerouth Drive,20,5413234,98999536,Etobicoke,38014
43.647922,-79.5822672,2,Warlingham Court (617),a,Warlingham Court,18,5413240,99001617,Etobicoke,38014
43.6479238,-79.5859051,2,Canerouth Drive (111),a,Canerouth Drive,20,5413234,504638111,Etobicoke,38014
43.6479448,-79.6053321,2,Rakely Court (300),a,Rakely Court,15,5413326,99031300,Etobicoke,38014
43.6479655,-79.5821422,2,Warlingham Court (616),a,Warlingham Court,18,5413240,99001616,Etobicoke,38014
43.6479737,-79.5966603,2,Centennial Park Boulevard (010),a,Centennial Park Boulevard,153,5412253,97413010,Etobicoke,38014
43.6479975,-79.5968357,2,Centennial Park Boulevard (296),a,Centennial Park Boulevard,153,5412253,579922296,Etobicoke,38014
43.6480136,-79.5820381,2,Warlingham Court (615),a,Warlingham Court,18,5413240,99001615,Etobicoke,38014
43.6480213,-79.6054153,2,Rakely Court (299),a,Rakely Court,15,5413326,99031299,Etobicoke,38014
43.6480233,-79.5860197,2,Rathburn Road (938),a,Rathburn Road,200,5411752,93838938,Etobicoke,38014
43.6480233,-79.5860197,2,Canerouth Drive (537),a,Canerouth Drive,20,5413234,98999537,Etobicoke,38014
43.6480527,-79.5819169,2,Warlingham Court (614),a,Warlingham Court,18,5413240,99001614,Etobicoke,38014
43.6480963,-79.5818043,2,Warlingham Court (613),a,Warlingham Court,18,5413240,99001613,Etobicoke,38014
43.6481151,-79.5966391,2,Centennial Park Boulevard (833),a,Centennial Park Boulevard,153,5412253,560927833,Etobicoke,38014
43.6481334,-79.5816792,2,Warlingham Court (151),a,Warlingham Court,18,5413240,392358151,Etobicoke,38014
43.6481391,-79.5816601,2,Warlingham Court (113),a,Warlingham Court,18,5413240,504638113,Etobicoke,38014
43.6481574,-79.6055633,2,Rakely Court (298),a,Rakely Court,15,5413326,99031298,Etobicoke,38014
43.6481679,-79.5815631,2,Melbert Road (732),a,Melbert Road,15,5412368,98097732,Etobicoke,38014
43.6481679,-79.5815631,2,Warlingham Court (611),a,Warlingham Court,18,5413240,99001611,Etobicoke,38014
43.6482081,-79.5966174,2,Centennial Park Boulevard (011),a,Centennial Park Boulevard,153,5412253,97413011,Etobicoke,38014
43.6482086,-79.6056328,2,Rakely Court (297),a,Rakely Court,15,5413326,99031297,Etobicoke,38014
43.6482472,-79.5967824,2,Centennial Park Boulevard (295),a,Centennial Park Boulevard,153,5412253,579922295,Etobicoke,38014
43.6483211,-79.603048,2,Lone Oak Court (554),a,Lone Oak Court,10,5413328,99031554,Etobicoke,38014
43.6483543,-79.6058306,2,Rakely Court (296),a,Rakely Court,15,5413326,99031296,Etobicoke,38014
43.6483732,-79.583075,2,Warlingham Court (625),a,Warlingham Court,18,5413240,99001625,Etobicoke,38014
43.6483937,-79.6029575,2,Lone Oak Court (555),a,Lone Oak Court,10,5413328,99031555,Etobicoke,38014
43.648397,-79.5850419,2,Ivybridge Drive (949),a,Ivybridge Drive,10,5413237,99000949,Etobicoke,38014
43.6484199,-79.5880476,2,Elmcrest Road (079),a,Elmcrest Road,21,5412254,97417079,Etobicoke,38014
43.648428,-79.5831357,2,Warlingham Court (626),a,Warlingham Court,18,5413240,99001626,Etobicoke,38014
43.6484342,-79.5850764,2,Ivybridge Drive (112),a,Ivybridge Drive,10,5413237,504638112,Etobicoke,38014
43.6484614,-79.5782555,2,Renforth Drive (297),a,Renforth Drive,326,5411505,91779297,Etobicoke,38014
43.648468,-79.5965287,2,Centennial Park Boulevard (012),a,Centennial Park Boulevard,153,5412253,97413012,Etobicoke,38014
43.6484742,-79.602884,2,Lone Oak Court (556),a,Lone Oak Court,10,5413328,99031556,Etobicoke,38014
43.6484768,-79.6060231,2,Rakely Court (295),a,Rakely Court,15,5413326,99031295,Etobicoke,38014
43.6485108,-79.5966926,2,Centennial Park Boulevard (294),a,Centennial Park Boulevard,153,5412253,579922294,Etobicoke,38014
43.648539,-79.5851781,2,Rathburn Road (936),a,Rathburn Road,200,5411752,93838936,Etobicoke,38014
43.648539,-79.5851781,2,Ivybridge Drive (950),a,Ivybridge Drive,10,5413237,99000950,Etobicoke,38014
43.6485427,-79.6028478,2,Lone Oak Court (557),a,Lone Oak Court,10,5413328,99031557,Etobicoke,38014
43.6485482,-79.6061503,2,Rakely Court (056),a,Rakely Court,15,5413326,560928056,Etobicoke,38014
43.6485633,-79.5831573,2,Warlingham Court (627),a,Warlingham Court,18,5413240,99001627,Etobicoke,38014
43.648564,-79.6061782,2,Rakely Court (294),a,Rakely Court,15,5413326,99031294,Etobicoke,38014
43.6486325,-79.6028318,2,Lone Oak Court (558),a,Lone Oak Court,10,5413328,99031558,Etobicoke,38014
43.6486461,-79.5783344,2,Renforth Drive (296),a,Renforth Drive,326,5411505,91779296,Etobicoke,38014
43.6486807,-79.5849271,2,Rathburn Road (934),a,Rathburn Road,200,5411752,93838934,Etobicoke,38014
43.6487271,-79.5963812,2,Centennial Park Boulevard (013),a,Centennial Park Boulevard,153,5412253,97413013,Etobicoke,38014
43.6487394,-79.5884815,2,Elmcrest Road (080),a,Elmcrest Road,21,5412254,97417080,Etobicoke,38014
43.6487791,-79.5965396,2,Centennial Park Boulevard (973),a,Centennial Park Boulevard,153,5412253,97412973,Etobicoke,38014
43.6487791,-79.5965396,2,Centennial Park Boulevard (293),a,Centennial Park Boulevard,153,5412253,579922293,Etobicoke,38014
43.6487818,-79.581939,2,Melbert Road (733),a,Melbert Road,15,5412368,98097733,Etobicoke,38014
43.6488217,-79.5846913,2,Rathburn Road (933),a,Rathburn Road,200,5411752,93838933,Etobicoke,38014
43.6490168,-79.5784979,2,Renforth Drive (295),a,Renforth Drive,326,5411505,91779295,Etobicoke,38014
43.6490748,-79.5821184,2,Melbert Road (735),a,Melbert Road,15,5412368,98097735,Etobicoke,38014
43.6491853,-79.5821861,2,Melbert Road (925),a,Melbert Road,15,5412368,432527925,Etobicoke,38014
43.6493439,-79.5893025,2,Elmcrest Road (081),a,Elmcrest Road,21,5412254,97417081,Etobicoke,38014
43.6494808,-79.5836364,2,Rathburn Road (931),a,Rathburn Road,200,5411752,93838931,Etobicoke,38014
43.6494808,-79.5836364,2,Rathburn Road (032),a,Rathburn Road,200,5411752,93839032,Etobicoke,38014
43.6495031,-79.5895188,2,Elmcrest Road (082),a,Elmcrest Road,21,5412254,97417082,Etobicoke,38014
43.649752,-79.5831864,2,Rathburn Road (273),a,Rathburn Road,200,5411752,579925273,Etobicoke,38014
43.649752,-79.5831864,2,Rathburn Road (274),a,Rathburn Road,200,5411752,579925274,Etobicoke,38014
43.6497924,-79.5899572,2,Elmcrest Road (083),a,Elmcrest Road,21,5412254,97417083,Etobicoke,38014
43.6498086,-79.5830892,2,Rathburn Road (188),a,Rathburn Road,200,5411752,93839188,Etobicoke,38014
43.6498402,-79.5830365,2,Rathburn Road (185),a,Rathburn Road,200,5411752,93839185,Etobicoke,38014
43.6498402,-79.5830365,2,Rathburn Road (196),a,Rathburn Road,200,5411752,93839196,Etobicoke,38014
43.6498777,-79.5900748,2,Elmcrest Road (084),a,Elmcrest Road,21,5412254,97417084,Etobicoke,38014
43.6498996,-79.5826235,2,Melbert Road (133),a,Melbert Road,15,5412368,297393133,Etobicoke,38014
43.6499241,-79.5826437,2,Melbert Road (922),a,Melbert Road,15,5412368,432527922,Etobicoke,38014
43.6499498,-79.5828554,2,Rathburn Road (974),a,Rathburn Road,200,5411752,93838974,Etobicoke,38014
43.6499498,-79.5828554,2,Rathburn Road (193),a,Rathburn Road,200,5411752,93839193,Etobicoke,38014
43.6499536,-79.5955969,2,Centennial Park Boulevard (834),a,Centennial Park Boulevard,153,5412253,560927834,Etobicoke,38014
43.6500036,-79.5902483,2,Elmcrest Road (085),a,Elmcrest Road,21,5412254,97417085,Etobicoke,38014
43.6500252,-79.5827291,2,Rathburn Road (972),a,Rathburn Road,200,5411752,93838972,Etobicoke,38014
43.6500252,-79.5827291,2,Melbert Road (736),a,Melbert Road,15,5412368,98097736,Etobicoke,38014
43.6501767,-79.5954508,2,Centennial Park Boulevard (014),a,Centennial Park Boulevard,153,5412253,97413014,Etobicoke,38014
43.6502325,-79.5956059,2,Centennial Park Boulevard (972),a,Centennial Park Boulevard,153,5412253,97412972,Etobicoke,38014
43.6502966,-79.595364,2,Centennial Park Boulevard (835),a,Centennial Park Boulevard,153,5412253,560927835,Etobicoke,38014
43.6503725,-79.5955036,2,Centennial Park Boulevard (816),a,Centennial Park Boulevard,153,5412253,560927816,Etobicoke,38014
43.6504163,-79.5952663,2,Centennial Park Boulevard (015),a,Centennial Park Boulevard,153,5412253,97413015,Etobicoke,38014
43.6504645,-79.5820296,2,Rathburn Road (970),a,Rathburn Road,200,5411752,93838970,Etobicoke,38014
43.6504924,-79.5954044,2,Centennial Park Boulevard (971),a,Centennial Park Boulevard,153,5412253,97412971,Etobicoke,38014
43.6504944,-79.58198,2,Rathburn Road (968),a,Rathburn Road,200,5411752,93838968,Etobicoke,38014
43.6506146,-79.5950875,2,Centennial Park Boulevard (016),a,Centennial Park Boulevard,153,5412253,97413016,Etobicoke,38014
43.6506451,-79.5952717,2,Centennial Park Boulevard (815),a,Centennial Park Boulevard,153,5412253,560927815,Etobicoke,38014
43.6507752,-79.5951352,2,Centennial Park Boulevard (970),a,Centennial Park Boulevard,153,5412253,97412970,Etobicoke,38014
43.6507913,-79.5814873,2,Rathburn Road (967),a,Rathburn Road,200,5411752,93838967,Etobicoke,38014
43.6508244,-79.5948615,2,Centennial Park Boulevard (836),a,Centennial Park Boulevard,153,5412253,560927836,Etobicoke,38014
43.6508265,-79.5814289,2,Rathburn Road (966),a,Rathburn Road,200,5411752,93838966,Etobicoke,38014
43.650905,-79.6038018,2,Eglinton Avenue West (979),a,Eglinton Avenue West,299,5411523,297384979,Etobicoke,38014
43.6509462,-79.5812061,2,Rathburn Road (964),a,Rathburn Road,200,5411752,93838964,Etobicoke,38014
43.6509462,-79.5812061,2,Rathburn Road (046),a,Rathburn Road,200,5411752,93839046,Etobicoke,38014
43.6509462,-79.5812061,2,Centennial Park Road (516),a,Centennial Park Road,27,5412249,97367516,Etobicoke,38014
43.6509772,-79.5946853,2,Centennial Park Boulevard (017),a,Centennial Park Boulevard,153,5412253,97413017,Etobicoke,38014
43.6510622,-79.5948185,2,Centennial Park Boulevard (968),a,Centennial Park Boulevard,153,5412253,97412968,Etobicoke,38014
43.6510872,-79.5808722,2,Rathburn Road (044),a,Rathburn Road,200,5411752,93839044,Etobicoke,38014
43.651092,-79.5812933,2,Centennial Park Road (517),a,Centennial Park Road,27,5412249,97367517,Etobicoke,38014
43.651108,-79.5813022,2,Centennial Park Road (261),a,Centennial Park Road,27,5412249,349303261,Etobicoke,38014
43.6511787,-79.6035018,2,Eglinton Avenue West (177),a,Eglinton Avenue West,299,5411523,92393177,Etobicoke,38014
43.6511787,-79.6035018,2,Eglinton Avenue West (870),a,Eglinton Avenue West,299,5411523,579922870,Etobicoke,38014
43.651207,-79.580465,2,Rathburn Road (043),a,Rathburn Road,200,5411752,93839043,Etobicoke,38014
43.651207,-79.580465,2,Rathburn Road (083),a,Rathburn Road,200,5411752,93839083,Etobicoke,38014
43.6512135,-79.5802278,2,Rathburn Road (894),a,Rathburn Road,200,5411752,93838894,Etobicoke,38014
43.6512157,-79.6034079,2,Eglinton Avenue West (180),a,Eglinton Avenue West,299,5411523,92393180,Etobicoke,38014
43.6512383,-79.580336,2,Rathburn Road (891),a,Rathburn Road,200,5411752,93838891,Etobicoke,38014
43.6512383,-79.580336,2,Rathburn Road (080),a,Rathburn Road,200,5411752,93839080,Etobicoke,38014
43.6512383,-79.580336,2,Rathburn Road (101),a,Rathburn Road,200,5411752,93839101,Etobicoke,38014
43.651242,-79.5943809,2,Centennial Park Boulevard (018),a,Centennial Park Boulevard,153,5412253,97413018,Etobicoke,38014
43.6513086,-79.5802652,2,Rathburn Road (099),a,Rathburn Road,200,5411752,93839099,Etobicoke,38014
43.6513187,-79.59452,2,Centennial Park Boulevard (965),a,Centennial Park Boulevard,153,5412253,97412965,Etobicoke,38014
43.6513787,-79.5942401,2,Centennial Park Boulevard (837),a,Centennial Park Boulevard,153,5412253,560927837,Etobicoke,38014
43.6514366,-79.603166,2,Eglinton Avenue West (740),a,Eglinton Avenue West,299,5411523,406781740,Etobicoke,38014
43.6514568,-79.5796653,2,Rathburn Road (095),a,Rathburn Road,200,5411752,93839095,Etobicoke,38014
43.6514671,-79.5943711,2,Centennial Park Boulevard (814),a,Centennial Park Boulevard,153,5412253,560927814,Etobicoke,38014
43.6514939,-79.5941533,2,Centennial Park Boulevard (838),a,Centennial Park Boulevard,153,5412253,560927838,Etobicoke,38014
43.651545,-79.6030472,2,Eglinton Avenue West (154),a,Eglinton Avenue West,299,5411523,92393154,Etobicoke,38014
43.651545,-79.6030472,2,Eglinton Avenue West (182),a,Eglinton Avenue West,299,5411523,92393182,Etobicoke,38014
43.651545,-79.6030472,2,Satellite Drive (133),a,Satellite Drive,2,5413472,99058133,Etobicoke,38014
43.6515511,-79.5795852,2,Renforth Drive (467),a,Renforth Drive,326,5411505,91779467,Etobicoke,38014
43.6515646,-79.6030787,2,Satellite Drive (134),a,Satellite Drive,2,5413472,99058134,Etobicoke,38014
43.651573,-79.5794752,2,Renforth Drive (473),a,Renforth Drive,326,5411505,91779473,Etobicoke,38014
43.651607,-79.5940813,2,Centennial Park Boulevard (019),a,Centennial Park Boulevard,153,5412253,97413019,Etobicoke,38014
43.651645,-79.5942479,2,Centennial Park Boulevard (963),a,Centennial Park Boulevard,153,5412253,97412963,Etobicoke,38014
43.6516659,-79.6029179,2,Eglinton Avenue West (739),a,Eglinton Avenue West,299,5411523,406781739,Etobicoke,38014
43.6516784,-79.5816267,2,Centennial Park Road (518),a,Centennial Park Road,27,5412249,97367518,Etobicoke,38014
43.6517544,-79.5940105,2,Centennial Park Boulevard (839),a,Centennial Park Boulevard,153,5412253,560927839,Etobicoke,38014
43.651762,-79.5796528,2,Renforth Drive (465),a,Renforth Drive,326,5411505,91779465,Etobicoke,38014
43.6517683,-79.5795372,2,Renforth Drive (474),a,Renforth Drive,326,5411505,91779474,Etobicoke,38014
43.651793,-79.5941769,2,Centennial Park Boulevard (813),a,Centennial Park Boulevard,153,5412253,560927813,Etobicoke,38014
43.6518334,-79.5796135,2,Renforth Drive (449),a,Renforth Drive,326,5411505,91779449,Etobicoke,38014
43.6518334,-79.5796135,2,Renforth Drive (463),a,Renforth Drive,326,5411505,91779463,Etobicoke,38014
43.6518334,-79.5796135,2,Renforth Drive (475),a,Renforth Drive,326,5411505,91779475,Etobicoke,38014
43.6519158,-79.5939607,2,Centennial Park Boulevard (020),a,Centennial Park Boulevard,153,5412253,97413020,Etobicoke,38014
43.6519328,-79.5941314,2,Centennial Park Boulevard (961),a,Centennial Park Boulevard,153,5412253,97412961,Etobicoke,38014
43.6519791,-79.5939471,2,Centennial Park Boulevard (255),a,Centennial Park Boulevard,153,5412253,509658255,Etobicoke,38014
43.6519905,-79.5941205,2,Centennial Park Boulevard (959),a,Centennial Park Boulevard,153,5412253,97412959,Etobicoke,38014
43.6519923,-79.5939451,2,Centennial Park Boulevard (021),a,Centennial Park Boulevard,153,5412253,97413021,Etobicoke,38014
43.6520805,-79.5939336,2,Centennial Park Boulevard (841),a,Centennial Park Boulevard,153,5412253,560927841,Etobicoke,38014
43.6521183,-79.5941095,2,Centennial Park Boulevard (812),a,Centennial Park Boulevard,153,5412253,560927812,Etobicoke,38014
43.6521265,-79.5818809,2,Centennial Park Road (519),a,Centennial Park Road,27,5412249,97367519,Etobicoke,38014
43.6521675,-79.5939303,2,Centennial Park Boulevard (840),a,Centennial Park Boulevard,153,5412253,560927840,Etobicoke,38014
43.6521837,-79.60234,2,Eglinton Avenue West (157),a,Eglinton Avenue West,299,5411523,92393157,Etobicoke,38014
43.6522388,-79.594115,2,Centennial Park Boulevard (957),a,Centennial Park Boulevard,153,5412253,97412957,Etobicoke,38014
43.6522426,-79.5939328,2,Centennial Park Boulevard (022),a,Centennial Park Boulevard,153,5412253,97413022,Etobicoke,38014
43.6523539,-79.5798543,2,Renforth Drive (447),a,Renforth Drive,326,5411505,91779447,Etobicoke,38014
43.6523539,-79.5798543,2,Renforth Drive (480),a,Renforth Drive,326,5411505,91779480,Etobicoke,38014
43.6523571,-79.5941343,2,Centennial Park Boulevard (811),a,Centennial Park Boulevard,153,5412253,560927811,Etobicoke,38014
43.6523753,-79.6021269,2,Eglinton Avenue West (159),a,Eglinton Avenue West,299,5411523,92393159,Etobicoke,38014
43.6524026,-79.5939652,2,Centennial Park Boulevard (842),a,Centennial Park Boulevard,153,5412253,560927842,Etobicoke,38014
43.6524959,-79.5941775,2,Centennial Park Boulevard (956),a,Centennial Park Boulevard,153,5412253,97412956,Etobicoke,38014
43.6525293,-79.5940102,2,Centennial Park Boulevard (023),a,Centennial Park Boulevard,153,5412253,97413023,Etobicoke,38014
43.6525655,-79.5821338,2,Centennial Park Road (520),a,Centennial Park Road,27,5412249,97367520,Etobicoke,38014
43.6525907,-79.5942214,2,Centennial Park Boulevard (810),a,Centennial Park Boulevard,153,5412253,560927810,Etobicoke,38014
43.6526284,-79.5940521,2,Centennial Park Boulevard (843),a,Centennial Park Boulevard,153,5412253,560927843,Etobicoke,38014
43.6526666,-79.5821901,2,Centennial Park Road (521),a,Centennial Park Road,27,5412249,97367521,Etobicoke,38014
43.6526929,-79.5942802,2,Centennial Park Boulevard (954),a,Centennial Park Boulevard,153,5412253,97412954,Etobicoke,38014
43.6527252,-79.5941068,2,Centennial Park Boulevard (024),a,Centennial Park Boulevard,153,5412253,97413024,Etobicoke,38014
43.6528024,-79.5943643,2,Centennial Park Boulevard (809),a,Centennial Park Boulevard,153,5412253,560927809,Etobicoke,38014
43.6528293,-79.5941797,2,Centennial Park Boulevard (844),a,Centennial Park Boulevard,153,5412253,560927844,Etobicoke,38014
43.6528719,-79.5801013,2,Renforth Drive (479),a,Renforth Drive,326,5411505,91779479,Etobicoke,38014
43.6528926,-79.5944435,2,Centennial Park Boulevard (952),a,Centennial Park Boulevard,153,5412253,97412952,Etobicoke,38014
43.6529068,-79.5823299,2,Centennial Park Road (862),a,Centennial Park Road,27,5412249,497595862,Etobicoke,38014
43.6529334,-79.5942661,2,Centennial Park Boulevard (025),a,Centennial Park Boulevard,153,5412253,97413025,Etobicoke,38014
43.6529642,-79.5945239,2,Centennial Park Boulevard (808),a,Centennial Park Boulevard,153,5412253,560927808,Etobicoke,38014
43.6530425,-79.594378,2,Centennial Park Boulevard (026),a,Centennial Park Boulevard,153,5412253,97413026,Etobicoke,38014
43.6530454,-79.5946259,2,Centennial Park Boulevard (950),a,Centennial Park Boulevard,153,5412253,97412950,Etobicoke,38014
43.6530857,-79.5801929,2,Renforth Drive (478),a,Renforth Drive,326,5411505,91779478,Etobicoke,38014
43.6530857,-79.5801929,2,Torrington Drive (750),a,Torrington Drive,18,5413420,99045750,Etobicoke,38014
43.6531194,-79.5800386,2,Torrington Drive (190),a,Torrington Drive,18,5413420,579926190,Etobicoke,38014
43.6531305,-79.5799872,2,Torrington Drive (751),a,Torrington Drive,18,5413420,99045751,Etobicoke,38014
43.6531472,-79.5824662,2,Centennial Park Road (522),a,Centennial Park Road,27,5412249,97367522,Etobicoke,38014
43.6531988,-79.5945856,2,Centennial Park Boulevard (845),a,Centennial Park Boulevard,153,5412253,560927845,Etobicoke,38014
43.6532733,-79.5825378,2,Centennial Park Road (863),a,Centennial Park Road,27,5412249,497595863,Etobicoke,38014
43.6533717,-79.5803266,2,Renforth Drive (477),a,Renforth Drive,326,5411505,91779477,Etobicoke,38014
43.6533845,-79.5951051,2,Centennial Park Boulevard (948),a,Centennial Park Boulevard,153,5412253,97412948,Etobicoke,38014
43.6534684,-79.5949634,2,Centennial Park Boulevard (027),a,Centennial Park Boulevard,153,5412253,97413027,Etobicoke,38014
43.6537056,-79.5804827,2,Renforth Drive (455),a,Renforth Drive,326,5411505,91779455,Etobicoke,38014
43.6537056,-79.5804827,2,Renforth Drive (476),a,Renforth Drive,326,5411505,91779476,Etobicoke,38014
43.6537338,-79.595588,2,Centennial Park Boulevard (946),a,Centennial Park Boulevard,153,5412253,97412946,Etobicoke,38014
43.6537338,-79.5804974,2,Renforth Drive (454),a,Renforth Drive,326,5411505,91779454,Etobicoke,38014
43.6537445,-79.5828046,2,Centennial Park Road (523),a,Centennial Park Road,27,5412249,97367523,Etobicoke,38014
43.6538287,-79.5954706,2,Centennial Park Boulevard (028),a,Centennial Park Boulevard,153,5412253,97413028,Etobicoke,38014
43.6538616,-79.5805589,2,Renforth Drive (452),a,Renforth Drive,326,5411505,91779452,Etobicoke,38014
43.6538635,-79.5828699,2,Centennial Park Road (317),a,Centennial Park Road,27,5412249,579922317,Etobicoke,38014
43.6538635,-79.5828699,2,Centennial Park Gate (312),a,Centennial Park Gate,7,5412250,579922312,Etobicoke,38014
43.653884,-79.582781,2,Centennial Park Gate (313),a,Centennial Park Gate,7,5412250,579922313,Etobicoke,38014
43.6538899,-79.5827556,2,Centennial Park Gate (314),a,Centennial Park Gate,7,5412250,579922314,Etobicoke,38014
43.6539815,-79.5959375,2,Centennial Park Boulevard (945),a,Centennial Park Boulevard,153,5412253,97412945,Etobicoke,38014
43.6540491,-79.5957821,2,Centennial Park Boulevard (029),a,Centennial Park Boulevard,153,5412253,97413029,Etobicoke,38014
43.6540817,-79.5819149,2,Centennial Park Gate (315),a,Centennial Park Gate,7,5412250,579922315,Etobicoke,38014
43.6542987,-79.5809593,2,Centennial Park Gate (324),a,Centennial Park Gate,7,5412250,97369324,Etobicoke,38014
43.6543048,-79.5809313,2,Centennial Park Gate (316),a,Centennial Park Gate,7,5412250,579922316,Etobicoke,38014
43.6543378,-79.5807825,2,Renforth Drive (451),a,Renforth Drive,326,5411505,91779451,Etobicoke,38014
43.6543378,-79.5807825,2,Renforth Drive (354),a,Renforth Drive,326,5411505,579925354,Etobicoke,38014
43.6543378,-79.5807825,2,Centennial Park Gate (325),a,Centennial Park Gate,7,5412250,97369325,Etobicoke,38014
43.6544221,-79.5808187,2,Renforth Drive (353),a,Renforth Drive,326,5411505,579925353,Etobicoke,38014
43.6546237,-79.5833085,2,Centennial Park Road (525),a,Centennial Park Road,27,5412249,97367525,Etobicoke,38014
43.6548895,-79.5972067,2,Centennial Park Boulevard (944),a,Centennial Park Boulevard,153,5412253,97412944,Etobicoke,38014
43.6549585,-79.5970608,2,Centennial Park Boulevard (030),a,Centennial Park Boulevard,153,5412253,97413030,Etobicoke,38014
43.6549731,-79.5835187,2,Centennial Park Road (526),a,Centennial Park Road,27,5412249,97367526,Etobicoke,38014
43.6550241,-79.5754411,2,Wellesworth Drive (712),a,Wellesworth Drive,80,5412252,97384712,Etobicoke,38014
43.655036,-79.5974107,2,Centennial Park Boulevard (942),a,Centennial Park Boulevard,153,5412253,97412942,Etobicoke,38014
43.655036,-79.5974107,2,Centennial Park Boulevard (036),a,Centennial Park Boulevard,153,5412253,97413036,Etobicoke,38014
43.6550374,-79.5760346,2,Wellesworth Drive (713),a,Wellesworth Drive,80,5412252,97384713,Etobicoke,38014
43.6550641,-79.5749626,2,Wellesworth Drive (711),a,Wellesworth Drive,80,5412252,97384711,Etobicoke,38014
43.6550934,-79.583605,2,Centennial Park Road (527),a,Centennial Park Road,27,5412249,97367527,Etobicoke,38014
43.6551397,-79.5973293,2,Centennial Park Boulevard (935),a,Centennial Park Boulevard,153,5412253,97412935,Etobicoke,38014
43.6551397,-79.5973293,2,Centennial Park Boulevard (031),a,Centennial Park Boulevard,153,5412253,97413031,Etobicoke,38014
43.6551867,-79.5837019,2,Centennial Park Road (528),a,Centennial Park Road,27,5412249,97367528,Etobicoke,38014
43.6553416,-79.5988907,2,Eglinton Avenue West (331),a,Eglinton Avenue West,299,5411523,92393331,Etobicoke,38014
43.6553478,-79.5838977,2,Centennial Park Road (530),a,Centennial Park Road,27,5412249,97367530,Etobicoke,38014
43.6553952,-79.5978988,2,Centennial Park Boulevard (035),a,Centennial Park Boulevard,153,5412253,97413035,Etobicoke,38014
43.6556033,-79.5981917,2,Centennial Park Boulevard (034),a,Centennial Park Boulevard,153,5412253,97413034,Etobicoke,38014
43.6556261,-79.5985208,2,Eglinton Avenue West (332),a,Eglinton Avenue West,299,5411523,92393332,Etobicoke,38014
43.655683,-79.5983115,2,Centennial Park Boulevard (033),a,Centennial Park Boulevard,153,5412253,97413033,Etobicoke,38014
43.6557081,-79.5981261,2,Centennial Park Boulevard (937),a,Centennial Park Boulevard,153,5412253,97412937,Etobicoke,38014
43.6557287,-79.5983938,2,Eglinton Avenue West (328),a,Eglinton Avenue West,299,5411523,92393328,Etobicoke,38014
43.6557287,-79.5983938,2,Eglinton Avenue West (333),a,Eglinton Avenue West,299,5411523,92393333,Etobicoke,38014
43.6557287,-79.5983938,2,Centennial Park Boulevard (032),a,Centennial Park Boulevard,153,5412253,97413032,Etobicoke,38014
43.6557287,-79.5983938,2,Centennial Park Boulevard (038),a,Centennial Park Boulevard,153,5412253,97413038,Etobicoke,38014
43.6557639,-79.5843123,2,Centennial Park Road (532),a,Centennial Park Road,27,5412249,97367532,Etobicoke,38014
43.6557685,-79.5984663,2,Centennial Park Boulevard (037),a,Centennial Park Boulevard,153,5412253,97413037,Etobicoke,38014
43.6557697,-79.5982178,2,Centennial Park Boulevard (939),a,Centennial Park Boulevard,153,5412253,97412939,Etobicoke,38014
43.655817,-79.5982901,2,Eglinton Avenue West (329),a,Eglinton Avenue West,299,5411523,92393329,Etobicoke,38014
43.655817,-79.5982901,2,Eglinton Avenue West (335),a,Eglinton Avenue West,299,5411523,92393335,Etobicoke,38014
43.655817,-79.5982901,2,Centennial Park Boulevard (940),a,Centennial Park Boulevard,153,5412253,97412940,Etobicoke,38014
43.655817,-79.5982901,2,Centennial Park Boulevard (039),a,Centennial Park Boulevard,153,5412253,97413039,Etobicoke,38014
43.6558636,-79.598369,2,Centennial Park Boulevard (040),a,Centennial Park Boulevard,153,5412253,97413040,Etobicoke,38014
43.6559022,-79.5982053,2,Eglinton Avenue West (878),a,Eglinton Avenue West,299,5411523,579922878,Etobicoke,38014
43.6559212,-79.5981864,2,Eglinton Avenue West (879),a,Eglinton Avenue West,299,5411523,579922879,Etobicoke,38014
43.6560537,-79.5815557,2,Renforth Drive (352),a,Renforth Drive,326,5411505,579925352,Etobicoke,38014
43.6561232,-79.584808,2,Centennial Park Road (533),a,Centennial Park Road,27,5412249,97367533,Etobicoke,38014
43.6561532,-79.5848471,2,Centennial Park Road (534),a,Centennial Park Road,27,5412249,97367534,Etobicoke,38014
43.6561864,-79.5590393,2,Rathburn Road (921),a,Rathburn Road,200,5411752,93838921,Etobicoke,38014
43.6562188,-79.5978595,2,Eglinton Avenue West (339),a,Eglinton Avenue West,299,5411523,92393339,Etobicoke,38014
43.6563392,-79.5978174,2,Eglinton Avenue West (340),a,Eglinton Avenue West,299,5411523,92393340,Etobicoke,38014
43.6563392,-79.5978174,2,Eglinton Avenue West (900),a,Eglinton Avenue West,299,5411523,579922900,Etobicoke,38014
43.6566354,-79.5974725,2,Eglinton Avenue West (215),a,Eglinton Avenue West,299,5411523,497595215,Etobicoke,38014
43.6566354,-79.5974725,2,Eglinton Avenue West (220),a,Eglinton Avenue West,299,5411523,497595220,Etobicoke,38014
43.6568321,-79.5857829,2,Centennial Park Road (536),a,Centennial Park Road,27,5412249,97367536,Etobicoke,38014
43.6569854,-79.597065,2,Eglinton Avenue West (985),a,Eglinton Avenue West,299,5411523,297384985,Etobicoke,38014
43.6571728,-79.5850289,2,Lafferty Street (874),a,Lafferty Street,11,5413413,99043874,Etobicoke,38014
43.6571839,-79.5848875,2,Lafferty Street (876),a,Lafferty Street,11,5413413,99043876,Etobicoke,38014
43.6572061,-79.585151,2,Lafferty Street (873),a,Lafferty Street,11,5413413,99043873,Etobicoke,38014
43.65747,-79.5822026,2,Renforth Drive (349),a,Renforth Drive,326,5411505,579925349,Etobicoke,38014
43.6575055,-79.587106,2,Centennial Park Road (543),a,Centennial Park Road,27,5412249,97367543,Etobicoke,38014
43.6575364,-79.5870727,2,Centennial Park Road (542),a,Centennial Park Road,27,5412249,97367542,Etobicoke,38014
43.6575559,-79.5870347,2,Centennial Park Road (541),a,Centennial Park Road,27,5412249,97367541,Etobicoke,38014
43.6575698,-79.5868093,2,Centennial Park Road (538),a,Centennial Park Road,27,5412249,97367538,Etobicoke,38014
43.6575826,-79.5869527,2,Centennial Park Road (540),a,Centennial Park Road,27,5412249,97367540,Etobicoke,38014
43.6575833,-79.586883,2,Centennial Park Road (539),a,Centennial Park Road,27,5412249,97367539,Etobicoke,38014
43.6576456,-79.5829977,2,Lafferty Street (878),a,Lafferty Street,11,5413413,99043878,Etobicoke,38014
43.6576456,-79.5822837,2,Renforth Drive (348),a,Renforth Drive,326,5411505,579925348,Etobicoke,38014
43.6577545,-79.5825357,2,Lafferty Street (225),a,Lafferty Street,11,5413413,579924225,Etobicoke,38014
43.6577614,-79.5825027,2,Lafferty Street (226),a,Lafferty Street,11,5413413,579924226,Etobicoke,38014
43.657778,-79.5859475,2,Lafferty Street (871),a,Lafferty Street,11,5413413,99043871,Etobicoke,38014
43.6577942,-79.5823511,2,Renforth Drive (347),a,Renforth Drive,326,5411505,579925347,Etobicoke,38014
43.6577942,-79.5823511,2,Lafferty Street (227),a,Lafferty Street,11,5413413,579924227,Etobicoke,38014
43.6579018,-79.5860512,2,Lafferty Street (868),a,Lafferty Street,11,5413413,99043868,Etobicoke,38014
43.6579018,-79.5860512,2,Persimmon Court (581),a,Persimmon Court,2,5413415,99044581,Etobicoke,38014
43.6579224,-79.5779386,2,Wellesworth Drive (725),a,Wellesworth Drive,80,5412252,97384725,Etobicoke,38014
43.6579809,-79.5861119,2,Lafferty Street (866),a,Lafferty Street,11,5413413,99043866,Etobicoke,38014
43.6580258,-79.5959782,2,Eglinton Avenue West (744),a,Eglinton Avenue West,299,5411523,406781744,Etobicoke,38014
43.6580918,-79.5852643,2,Persimmon Court (583),a,Persimmon Court,2,5413415,99044583,Etobicoke,38014
43.6581115,-79.5842101,2,Newington Crescent (358),a,Newington Crescent,26,5413195,98980358,Etobicoke,38014
43.6581199,-79.5841603,2,Newington Crescent (359),a,Newington Crescent,26,5413195,98980359,Etobicoke,38014
43.658121,-79.5842471,2,Newington Crescent (357),a,Newington Crescent,26,5413195,98980357,Etobicoke,38014
43.6581374,-79.5841227,2,Newington Crescent (360),a,Newington Crescent,26,5413195,98980360,Etobicoke,38014
43.6581481,-79.5842589,2,Newington Crescent (356),a,Newington Crescent,26,5413195,98980356,Etobicoke,38014
43.6581547,-79.5840603,2,Newington Crescent (361),a,Newington Crescent,26,5413195,98980361,Etobicoke,38014
43.6581714,-79.5839607,2,Newington Crescent (363),a,Newington Crescent,26,5413195,98980363,Etobicoke,38014
43.6581719,-79.5839979,2,Newington Crescent (362),a,Newington Crescent,26,5413195,98980362,Etobicoke,38014
43.6581839,-79.5783358,2,Wellesworth Drive (726),a,Wellesworth Drive,80,5412252,97384726,Etobicoke,38014
43.6581931,-79.5842578,2,Newington Crescent (355),a,Newington Crescent,26,5413195,98980355,Etobicoke,38014
43.6582293,-79.5842694,2,Newington Crescent (354),a,Newington Crescent,26,5413195,98980354,Etobicoke,38014
43.6582732,-79.5834498,2,Newington Crescent (365),a,Newington Crescent,26,5413195,98980365,Etobicoke,38014
43.6582741,-79.5835242,2,Newington Crescent (364),a,Newington Crescent,26,5413195,98980364,Etobicoke,38014
43.6582817,-79.5834124,2,Newington Crescent (366),a,Newington Crescent,26,5413195,98980366,Etobicoke,38014
43.6582994,-79.5833872,2,Newington Crescent (367),a,Newington Crescent,26,5413195,98980367,Etobicoke,38014
43.6583446,-79.5833985,2,Newington Crescent (368),a,Newington Crescent,26,5413195,98980368,Etobicoke,38014
43.6583812,-79.5834473,2,Newington Crescent (369),a,Newington Crescent,26,5413195,98980369,Etobicoke,38014
43.6584091,-79.5826309,2,Renforth Drive (129),a,Renforth Drive,326,5411505,91779129,Etobicoke,38014
43.6584091,-79.5826309,2,Renforth Drive (346),a,Renforth Drive,326,5411505,579925346,Etobicoke,38014
43.6584175,-79.5834712,2,Newington Crescent (370),a,Newington Crescent,26,5413195,98980370,Etobicoke,38014
43.6584718,-79.5834948,2,Newington Crescent (371),a,Newington Crescent,26,5413195,98980371,Etobicoke,38014
43.6585807,-79.5864686,2,Elmbrook Crescent (933),a,Elmbrook Crescent,51,5413194,98978933,Etobicoke,38014
43.6585823,-79.586605,2,Elmbrook Crescent (932),a,Elmbrook Crescent,51,5413194,98978932,Etobicoke,38014
43.6585884,-79.5863692,2,Elmbrook Crescent (934),a,Elmbrook Crescent,51,5413194,98978934,Etobicoke,38014
43.6585884,-79.5863692,2,Lafferty Street (863),a,Lafferty Street,11,5413413,99043863,Etobicoke,38014
43.6585926,-79.586704,2,Elmbrook Crescent (931),a,Elmbrook Crescent,51,5413194,98978931,Etobicoke,38014
43.658612,-79.5868152,2,Elmbrook Crescent (930),a,Elmbrook Crescent,51,5413194,98978930,Etobicoke,38014
43.6586133,-79.5827243,2,Renforth Drive (128),a,Renforth Drive,326,5411505,91779128,Etobicoke,38014
43.6586403,-79.5869261,2,Elmbrook Crescent (929),a,Elmbrook Crescent,51,5413194,98978929,Etobicoke,38014
43.6586774,-79.587012,2,Elmbrook Crescent (928),a,Elmbrook Crescent,51,5413194,98978928,Etobicoke,38014
43.65871,-79.595182,2,Eglinton Avenue West (984),a,Eglinton Avenue West,299,5411523,297384984,Etobicoke,38014
43.65871,-79.595182,2,Eglinton Avenue West (902),a,Eglinton Avenue West,299,5411523,579922902,Etobicoke,38014
43.6587768,-79.5855835,2,Elmbrook Crescent (935),a,Elmbrook Crescent,51,5413194,98978935,Etobicoke,38014
43.6588381,-79.5854456,2,Elmbrook Crescent (936),a,Elmbrook Crescent,51,5413194,98978936,Etobicoke,38014
43.6588911,-79.5853576,2,Elmbrook Crescent (937),a,Elmbrook Crescent,51,5413194,98978937,Etobicoke,38014
43.6588994,-79.5845761,2,Newington Crescent (353),a,Newington Crescent,26,5413195,98980353,Etobicoke,38014
43.658907,-79.5873787,2,Millsborough Crescent (235),a,Millsborough Crescent,27,5413192,98977235,Etobicoke,38014
43.658907,-79.5873787,2,Elmbrook Crescent (927),a,Elmbrook Crescent,51,5413194,98978927,Etobicoke,38014
43.6589528,-79.5852569,2,Elmbrook Crescent (938),a,Elmbrook Crescent,51,5413194,98978938,Etobicoke,38014
43.6589539,-79.584612,2,Newington Crescent (352),a,Newington Crescent,26,5413195,98980352,Etobicoke,38014
43.6589986,-79.5875006,2,Elmbrook Crescent (926),a,Elmbrook Crescent,51,5413194,98978926,Etobicoke,38014
43.6589993,-79.5846481,2,Newington Crescent (351),a,Newington Crescent,26,5413195,98980351,Etobicoke,38014
43.6590326,-79.5851558,2,Elmbrook Crescent (939),a,Elmbrook Crescent,51,5413194,98978939,Etobicoke,38014
43.6590724,-79.5847332,2,Newington Crescent (350),a,Newington Crescent,26,5413195,98980350,Etobicoke,38014
43.6590872,-79.5948058,2,Eglinton Avenue West (227),a,Eglinton Avenue West,299,5411523,92393227,Etobicoke,38014
43.6590872,-79.5948058,2,Eglinton Avenue West (901),a,Eglinton Avenue West,299,5411523,579922901,Etobicoke,38014
43.6591036,-79.5850674,2,Elmbrook Crescent (940),a,Elmbrook Crescent,51,5413194,98978940,Etobicoke,38014
43.6591063,-79.5876277,2,Elmbrook Crescent (925),a,Elmbrook Crescent,51,5413194,98978925,Etobicoke,38014
43.6591287,-79.5829622,2,Renforth Drive (127),a,Renforth Drive,326,5411505,91779127,Etobicoke,38014
43.6591369,-79.5870385,2,Millsborough Crescent (236),a,Millsborough Crescent,27,5413192,98977236,Etobicoke,38014
43.6591714,-79.5848636,2,Newington Crescent (121),a,Newington Crescent,26,5413195,392358121,Etobicoke,38014
43.6591795,-79.5869678,2,Millsborough Crescent (237),a,Millsborough Crescent,27,5413192,98977237,Etobicoke,38014
43.6591904,-79.5877193,2,Elmbrook Crescent (924),a,Elmbrook Crescent,51,5413194,98978924,Etobicoke,38014
43.659207,-79.5868756,2,Millsborough Crescent (238),a,Millsborough Crescent,27,5413192,98977238,Etobicoke,38014
43.6592269,-79.5849368,2,Elmbrook Crescent (941),a,Elmbrook Crescent,51,5413194,98978941,Etobicoke,38014
43.6592269,-79.5849368,2,Newington Crescent (349),a,Newington Crescent,26,5413195,98980349,Etobicoke,38014
43.6592345,-79.5945769,2,Eglinton Avenue West (229),a,Eglinton Avenue West,299,5411523,92393229,Etobicoke,38014
43.6592906,-79.5878162,2,Elmbrook Crescent (923),a,Elmbrook Crescent,51,5413194,98978923,Etobicoke,38014
43.6593116,-79.5830512,2,Renforth Drive (126),a,Renforth Drive,326,5411505,91779126,Etobicoke,38014
43.6593116,-79.5830512,2,Renforth Drive (389),a,Renforth Drive,326,5411505,91779389,Etobicoke,38014
43.6593814,-79.5878761,2,Elmbrook Crescent (922),a,Elmbrook Crescent,51,5413194,98978922,Etobicoke,38014
43.6594124,-79.5860151,2,Millsborough Crescent (239),a,Millsborough Crescent,27,5413192,98977239,Etobicoke,38014
43.6594226,-79.583106,2,Renforth Drive (719),a,Renforth Drive,326,5411505,392358719,Etobicoke,38014
43.6594472,-79.585915,2,Millsborough Crescent (240),a,Millsborough Crescent,27,5413192,98977240,Etobicoke,38014
43.6594719,-79.5879112,2,Elmbrook Crescent (921),a,Elmbrook Crescent,51,5413194,98978921,Etobicoke,38014
43.6594769,-79.5846741,2,Millsborough Crescent (261),a,Millsborough Crescent,27,5413192,98977261,Etobicoke,38014
43.6594769,-79.5846741,2,Elmbrook Crescent (942),a,Elmbrook Crescent,51,5413194,98978942,Etobicoke,38014
43.6594829,-79.5858894,2,Millsborough Crescent (241),a,Millsborough Crescent,27,5413192,98977241,Etobicoke,38014
43.6595189,-79.5858885,2,Millsborough Crescent (242),a,Millsborough Crescent,27,5413192,98977242,Etobicoke,38014
43.6595461,-79.5859003,2,Millsborough Crescent (243),a,Millsborough Crescent,27,5413192,98977243,Etobicoke,38014
43.6595476,-79.5845732,2,Elmbrook Crescent (943),a,Elmbrook Crescent,51,5413194,98978943,Etobicoke,38014
43.6595712,-79.5879336,2,Elmbrook Crescent (920),a,Elmbrook Crescent,51,5413194,98978920,Etobicoke,38014
43.6595788,-79.5849074,2,Millsborough Crescent (260),a,Millsborough Crescent,27,5413192,98977260,Etobicoke,38014
43.6595916,-79.5844854,2,Elmbrook Crescent (944),a,Elmbrook Crescent,51,5413194,98978944,Etobicoke,38014
43.659604,-79.5941901,2,Eglinton Avenue West (874),a,Eglinton Avenue West,299,5411523,579922874,Etobicoke,38014
43.6596156,-79.5849685,2,Millsborough Crescent (259),a,Millsborough Crescent,27,5413192,98977259,Etobicoke,38014
43.6596178,-79.5844228,2,Elmbrook Crescent (945),a,Elmbrook Crescent,51,5413194,98978945,Etobicoke,38014
43.6596371,-79.5840185,2,Newington Crescent (122),a,Newington Crescent,26,5413195,392358122,Etobicoke,38014
43.659652,-79.5850049,2,Millsborough Crescent (258),a,Millsborough Crescent,27,5413192,98977258,Etobicoke,38014
43.6596689,-79.5941219,2,Eglinton Avenue West (875),a,Eglinton Avenue West,299,5411523,579922875,Etobicoke,38014
43.6596689,-79.5941219,2,Eglinton Avenue West (881),a,Eglinton Avenue West,299,5411523,579922881,Etobicoke,38014
43.6596703,-79.5842975,2,Elmbrook Crescent (946),a,Elmbrook Crescent,51,5413194,98978946,Etobicoke,38014
43.6596704,-79.5879437,2,Elmbrook Crescent (919),a,Elmbrook Crescent,51,5413194,98978919,Etobicoke,38014
43.6597304,-79.5840605,2,Elmbrook Crescent (947),a,Elmbrook Crescent,51,5413194,98978947,Etobicoke,38014
43.6597304,-79.5840605,2,Newington Crescent (372),a,Newington Crescent,26,5413195,98980372,Etobicoke,38014
43.6597428,-79.5850647,2,Millsborough Crescent (257),a,Millsborough Crescent,27,5413192,98977257,Etobicoke,38014
43.6597457,-79.5940382,2,Eglinton Avenue West (344),a,Eglinton Avenue West,299,5411523,92393344,Etobicoke,38014
43.6597564,-79.5888003,2,Garbutt Crescent (667),a,Garbutt Crescent,8,5413412,99043667,Etobicoke,38014
43.6597908,-79.5888891,2,Garbutt Crescent (666),a,Garbutt Crescent,8,5413412,99043666,Etobicoke,38014
43.6598006,-79.5879682,2,Elmbrook Crescent (918),a,Elmbrook Crescent,51,5413194,98978918,Etobicoke,38014
43.6598006,-79.5879682,2,Garbutt Crescent (668),a,Garbutt Crescent,8,5413412,99043668,Etobicoke,38014
43.6598244,-79.5832771,2,Renforth Drive (331),a,Renforth Drive,326,5411505,579925331,Etobicoke,38014
43.6598485,-79.5889616,2,Garbutt Crescent (665),a,Garbutt Crescent,8,5413412,99043665,Etobicoke,38014
43.6598495,-79.5939181,2,Eglinton Avenue West (882),a,Eglinton Avenue West,299,5411523,579922882,Etobicoke,38014
43.659882,-79.583479,2,Elmbrook Crescent (923),a,Elmbrook Crescent,51,5413194,579922923,Etobicoke,38014
43.6598877,-79.5879515,2,Elmbrook Crescent (917),a,Elmbrook Crescent,51,5413194,98978917,Etobicoke,38014
43.6599168,-79.5833186,2,Renforth Drive (396),a,Renforth Drive,326,5411505,91779396,Etobicoke,38014
43.6599168,-79.5833186,2,Renforth Drive (397),a,Renforth Drive,326,5411505,91779397,Etobicoke,38014
43.6599168,-79.5833186,2,Eringate Drive (050),a,Eringate Drive,42,5412248,97360050,Etobicoke,38014
43.6599168,-79.5833186,2,Elmbrook Crescent (950),a,Elmbrook Crescent,51,5413194,98978950,Etobicoke,38014
43.6599337,-79.5889844,2,Garbutt Crescent (664),a,Garbutt Crescent,8,5413412,99043664,Etobicoke,38014
43.6599525,-79.5831658,2,Eringate Drive (934),a,Eringate Drive,42,5412248,579922934,Etobicoke,38014
43.6599722,-79.5937728,2,Eglinton Avenue West (345),a,Eglinton Avenue West,299,5411523,92393345,Etobicoke,38014
43.6599732,-79.5879289,2,Elmbrook Crescent (916),a,Elmbrook Crescent,51,5413194,98978916,Etobicoke,38014
43.6599749,-79.5871606,2,Ackrow Court (258),a,Ackrow Court,3,5413408,99043258,Etobicoke,38014
43.6600245,-79.5833669,2,Renforth Drive (332),a,Renforth Drive,326,5411505,579925332,Etobicoke,38014
43.6600471,-79.5878993,2,Elmbrook Crescent (915),a,Elmbrook Crescent,51,5413194,98978915,Etobicoke,38014
43.6600518,-79.5872725,2,Ackrow Court (257),a,Ackrow Court,3,5413408,99043257,Etobicoke,38014
43.660071,-79.5937435,2,Eglinton Avenue West (346),a,Eglinton Avenue West,299,5411523,92393346,Etobicoke,38014
43.660071,-79.5937435,2,Eglinton Avenue West (873),a,Eglinton Avenue West,299,5411523,579922873,Etobicoke,38014
43.6600967,-79.582575,2,Eringate Drive (052),a,Eringate Drive,42,5412248,97360052,Etobicoke,38014
43.6601332,-79.5824337,2,Eringate Drive (053),a,Eringate Drive,42,5412248,97360053,Etobicoke,38014
43.6601818,-79.5822449,2,Eringate Drive (054),a,Eringate Drive,42,5412248,97360054,Etobicoke,38014
43.6601818,-79.5822449,2,Eringate Drive (065),a,Eringate Drive,42,5412248,97360065,Etobicoke,38014
43.6602252,-79.5820852,2,Eringate Drive (656),a,Eringate Drive,42,5412248,425039656,Etobicoke,38014
43.6602368,-79.5935458,2,Eglinton Avenue West (983),a,Eglinton Avenue West,299,5411523,297384983,Etobicoke,38014
43.6602405,-79.5877731,2,Elmbrook Crescent (914),a,Elmbrook Crescent,51,5413194,98978914,Etobicoke,38014
43.6602405,-79.5877731,2,Ackrow Court (256),a,Ackrow Court,3,5413408,99043256,Etobicoke,38014
43.6602734,-79.5819241,2,Eringate Drive (066),a,Eringate Drive,42,5412248,97360066,Etobicoke,38014
43.6602828,-79.5834803,2,Renforth Drive (421),a,Renforth Drive,326,5411505,91779421,Etobicoke,38014
43.6602924,-79.5818669,2,Eringate Drive (655),a,Eringate Drive,42,5412248,425039655,Etobicoke,38014
43.6603134,-79.5818097,2,Eringate Drive (654),a,Eringate Drive,42,5412248,425039654,Etobicoke,38014
43.6603428,-79.5862537,2,Millsborough Crescent (244),a,Millsborough Crescent,27,5413192,98977244,Etobicoke,38014
43.6603699,-79.5862654,2,Millsborough Crescent (245),a,Millsborough Crescent,27,5413192,98977245,Etobicoke,38014
43.660395,-79.5816028,2,Eringate Drive (067),a,Eringate Drive,42,5412248,97360067,Etobicoke,38014
43.6604062,-79.5862894,2,Millsborough Crescent (246),a,Millsborough Crescent,27,5413192,98977246,Etobicoke,38014
43.6604334,-79.5863011,2,Millsborough Crescent (247),a,Millsborough Crescent,27,5413192,98977247,Etobicoke,38014
43.6604334,-79.5835443,2,Renforth Drive (424),a,Renforth Drive,326,5411505,91779424,Etobicoke,38014
43.6604334,-79.5835443,2,Renforth Drive (337),a,Renforth Drive,326,5411505,579925337,Etobicoke,38014
43.660469,-79.581441,2,Eringate Drive (652),a,Eringate Drive,42,5412248,425039652,Etobicoke,38014
43.6604692,-79.5862879,2,Millsborough Crescent (248),a,Millsborough Crescent,27,5413192,98977248,Etobicoke,38014
43.6604778,-79.5862505,2,Millsborough Crescent (249),a,Millsborough Crescent,27,5413192,98977249,Etobicoke,38014
43.660486,-79.5861883,2,Millsborough Crescent (250),a,Millsborough Crescent,27,5413192,98977250,Etobicoke,38014
43.6604944,-79.5861385,2,Millsborough Crescent (251),a,Millsborough Crescent,27,5413192,98977251,Etobicoke,38014
43.6605115,-79.5835796,2,Renforth Drive (335),a,Renforth Drive,326,5411505,473888335,Etobicoke,38014
43.6605115,-79.5835796,2,Renforth Drive (336),a,Renforth Drive,326,5411505,579925336,Etobicoke,38014
43.6605415,-79.5812934,2,Eringate Drive (651),a,Eringate Drive,42,5412248,425039651,Etobicoke,38014
43.660559,-79.5931866,2,Eglinton Avenue West (982),a,Eglinton Avenue West,299,5411523,297384982,Etobicoke,38014
43.6605848,-79.5854418,2,Millsborough Crescent (256),a,Millsborough Crescent,27,5413192,98977256,Etobicoke,38014
43.660612,-79.5854536,2,Millsborough Crescent (255),a,Millsborough Crescent,27,5413192,98977255,Etobicoke,38014
43.6606303,-79.585478,2,Millsborough Crescent (254),a,Millsborough Crescent,27,5413192,98977254,Etobicoke,38014
43.6606315,-79.5855772,2,Millsborough Crescent (252),a,Millsborough Crescent,27,5413192,98977252,Etobicoke,38014
43.660635,-79.5811179,2,Eringate Drive (653),a,Eringate Drive,42,5412248,425039653,Etobicoke,38014
43.6606399,-79.5855274,2,Millsborough Crescent (253),a,Millsborough Crescent,27,5413192,98977253,Etobicoke,38014
43.660704,-79.5874884,2,Elmbrook Crescent (913),a,Elmbrook Crescent,51,5413194,98978913,Etobicoke,38014
43.660704,-79.5874884,2,Garbutt Crescent (661),a,Garbutt Crescent,8,5413412,99043661,Etobicoke,38014
43.6608107,-79.5837266,2,Renforth Drive (237),a,Renforth Drive,326,5411505,409023237,Etobicoke,38014
43.6608107,-79.5837266,2,Renforth Drive (253),a,Renforth Drive,326,5411505,409023253,Etobicoke,38014
43.6608756,-79.588354,2,Garbutt Crescent (663),a,Garbutt Crescent,8,5413412,99043663,Etobicoke,38014
43.6609453,-79.5882477,2,Garbutt Crescent (662),a,Garbutt Crescent,8,5413412,99043662,Etobicoke,38014
43.6610917,-79.5812188,2,Wellesworth Drive (658),a,Wellesworth Drive,80,5412252,425039658,Etobicoke,38014
43.6611263,-79.5838795,2,Renforth Drive (484),a,Renforth Drive,326,5411505,91779484,Etobicoke,38014
43.66114,-79.5812743,2,Wellesworth Drive (740),a,Wellesworth Drive,80,5412252,97384740,Etobicoke,38014
43.661166,-79.5865692,2,Hellensfield Crescent (831),a,Hellensfield Crescent,16,5413196,98980831,Etobicoke,38014
43.6611733,-79.5864326,2,Hellensfield Crescent (832),a,Hellensfield Crescent,16,5413196,98980832,Etobicoke,38014
43.6611851,-79.5866556,2,Hellensfield Crescent (830),a,Hellensfield Crescent,16,5413196,98980830,Etobicoke,38014
43.66119,-79.5863206,2,Hellensfield Crescent (833),a,Hellensfield Crescent,16,5413196,98980833,Etobicoke,38014
43.6612043,-79.5867543,2,Hellensfield Crescent (829),a,Hellensfield Crescent,16,5413196,98980829,Etobicoke,38014
43.6612416,-79.5868527,2,Hellensfield Crescent (828),a,Hellensfield Crescent,16,5413196,98980828,Etobicoke,38014
43.661251,-79.5868897,2,Hellensfield Crescent (827),a,Hellensfield Crescent,16,5413196,98980827,Etobicoke,38014
43.6612976,-79.5923876,2,Eglinton Avenue West (981),a,Eglinton Avenue West,299,5411523,297384981,Etobicoke,38014
43.6612986,-79.5814025,2,Wellesworth Drive (659),a,Wellesworth Drive,80,5412252,425039659,Etobicoke,38014
43.6613073,-79.5870744,2,Bigham Crescent (616),a,Bigham Crescent,17,5413193,98977616,Etobicoke,38014
43.6613073,-79.5870744,2,Elmbrook Crescent (912),a,Elmbrook Crescent,51,5413194,98978912,Etobicoke,38014
43.6613073,-79.5870744,2,Hellensfield Crescent (826),a,Hellensfield Crescent,16,5413196,98980826,Etobicoke,38014
43.6613434,-79.5814387,2,Wellesworth Drive (741),a,Wellesworth Drive,80,5412252,97384741,Etobicoke,38014
43.6614082,-79.5840028,2,Renforth Drive (483),a,Renforth Drive,326,5411505,91779483,Etobicoke,38014
43.6614723,-79.5851233,2,Hellensfield Crescent (834),a,Hellensfield Crescent,16,5413196,98980834,Etobicoke,38014
43.6614808,-79.5850859,2,Hellensfield Crescent (835),a,Hellensfield Crescent,16,5413196,98980835,Etobicoke,38014
43.6614861,-79.586971,2,Elmbrook Crescent (911),a,Elmbrook Crescent,51,5413194,98978911,Etobicoke,38014
43.6614981,-79.5850235,2,Hellensfield Crescent (836),a,Hellensfield Crescent,16,5413196,98980836,Etobicoke,38014
43.6615032,-79.5815453,2,Wellesworth Drive (742),a,Wellesworth Drive,80,5412252,97384742,Etobicoke,38014
43.6615064,-79.5849737,2,Hellensfield Crescent (837),a,Hellensfield Crescent,16,5413196,98980837,Etobicoke,38014
43.6615068,-79.5921528,2,Eglinton Avenue West (977),a,Eglinton Avenue West,299,5411523,297384977,Etobicoke,38014
43.6615068,-79.5921528,2,Eglinton Avenue West (980),a,Eglinton Avenue West,299,5411523,297384980,Etobicoke,38014
43.6615148,-79.5849239,2,Hellensfield Crescent (838),a,Hellensfield Crescent,16,5413196,98980838,Etobicoke,38014
43.6615222,-79.5877019,2,Bigham Crescent (617),a,Bigham Crescent,17,5413193,98977617,Etobicoke,38014
43.6615228,-79.5840567,2,Renforth Drive (482),a,Renforth Drive,326,5411505,91779482,Etobicoke,38014
43.6615228,-79.5840567,2,Erinview Terrace (762),a,Erinview Terrace,4,5413469,99057762,Etobicoke,38014
43.6615499,-79.5877632,2,Bigham Crescent (618),a,Bigham Crescent,17,5413193,98977618,Etobicoke,38014
43.6615598,-79.5849228,2,Hellensfield Crescent (839),a,Hellensfield Crescent,16,5413196,98980839,Etobicoke,38014
43.6615678,-79.5869218,2,Elmbrook Crescent (910),a,Elmbrook Crescent,51,5413194,98978910,Etobicoke,38014
43.6615686,-79.5838626,2,Erinview Terrace (761),a,Erinview Terrace,4,5413469,99057761,Etobicoke,38014
43.6615777,-79.5878246,2,Bigham Crescent (619),a,Bigham Crescent,17,5413193,98977619,Etobicoke,38014
43.6616141,-79.5849464,2,Hellensfield Crescent (840),a,Hellensfield Crescent,16,5413196,98980840,Etobicoke,38014
43.661641,-79.5878479,2,Bigham Crescent (620),a,Bigham Crescent,17,5413193,98977620,Etobicoke,38014
43.6616523,-79.5868594,2,Elmbrook Crescent (909),a,Elmbrook Crescent,51,5413194,98978909,Etobicoke,38014
43.661659,-79.5919821,2,Eglinton Avenue West (976),a,Eglinton Avenue West,299,5411523,297384976,Etobicoke,38014
43.661659,-79.5919821,2,Eglinton Avenue West (989),a,Eglinton Avenue West,299,5411523,297384989,Etobicoke,38014
43.6616697,-79.5816518,2,Wellesworth Drive (743),a,Wellesworth Drive,80,5412252,97384743,Etobicoke,38014
43.6617167,-79.5867934,2,Elmbrook Crescent (908),a,Elmbrook Crescent,51,5413194,98978908,Etobicoke,38014
43.6617217,-79.5878212,2,Bigham Crescent (621),a,Bigham Crescent,17,5413193,98977621,Etobicoke,38014
43.6617654,-79.5867336,2,Elmbrook Crescent (907),a,Elmbrook Crescent,51,5413194,98978907,Etobicoke,38014
43.6618152,-79.5918196,2,Eglinton Avenue West (988),a,Eglinton Avenue West,299,5411523,297384988,Etobicoke,38014
43.6618152,-79.5918196,2,Eglinton Avenue West (885),a,Eglinton Avenue West,299,5411523,579922885,Etobicoke,38014
43.6618196,-79.5866353,2,Elmbrook Crescent (906),a,Elmbrook Crescent,51,5413194,98978906,Etobicoke,38014
43.6618836,-79.5864996,2,Elmbrook Crescent (905),a,Elmbrook Crescent,51,5413194,98978905,Etobicoke,38014
43.6619144,-79.5864008,2,Elmbrook Crescent (904),a,Elmbrook Crescent,51,5413194,98978904,Etobicoke,38014
43.6619523,-79.5842511,2,Renforth Drive (436),a,Renforth Drive,326,5411505,91779436,Etobicoke,38014
43.6619523,-79.5842511,2,Renforth Drive (481),a,Renforth Drive,326,5411505,91779481,Etobicoke,38014
43.6620178,-79.5819546,2,Erinview Terrace (760),a,Erinview Terrace,4,5413469,99057760,Etobicoke,38014
43.6620405,-79.5818582,2,Wellesworth Drive (744),a,Wellesworth Drive,80,5412252,97384744,Etobicoke,38014
43.6620405,-79.5818582,2,Erinview Terrace (759),a,Erinview Terrace,4,5413469,99057759,Etobicoke,38014
43.6620617,-79.5915669,2,Eglinton Avenue West (994),a,Eglinton Avenue West,299,5411523,297384994,Etobicoke,38014
43.6620617,-79.5915669,2,Eglinton Avenue West (884),a,Eglinton Avenue West,299,5411523,579922884,Etobicoke,38014
43.662094,-79.5914463,2,Eglinton Avenue West (995),a,Eglinton Avenue West,299,5411523,297384995,Etobicoke,38014
43.6621536,-79.5767576,2,Eringate Drive (080),a,Eringate Drive,42,5412248,97360080,Etobicoke,38014
43.6622052,-79.5851905,2,Bigham Crescent (632),a,Bigham Crescent,17,5413193,98977632,Etobicoke,38014
43.6622052,-79.5851905,2,Elmbrook Crescent (903),a,Elmbrook Crescent,51,5413194,98978903,Etobicoke,38014
43.6622052,-79.5851905,2,Hellensfield Crescent (841),a,Hellensfield Crescent,16,5413196,98980841,Etobicoke,38014
43.6622636,-79.5849454,2,Elmbrook Crescent (706),a,Elmbrook Crescent,51,5413194,406781706,Etobicoke,38014
43.6622827,-79.5874749,2,Bigham Crescent (622),a,Bigham Crescent,17,5413193,98977622,Etobicoke,38014
43.6623317,-79.5874292,2,Bigham Crescent (623),a,Bigham Crescent,17,5413193,98977623,Etobicoke,38014
43.6623347,-79.5846469,2,Elmbrook Crescent (922),a,Elmbrook Crescent,51,5413194,579922922,Etobicoke,38014
43.662343,-79.5846135,2,Elmbrook Crescent (921),a,Elmbrook Crescent,51,5413194,579922921,Etobicoke,38014
43.6623616,-79.5819848,2,Wellesworth Drive (745),a,Wellesworth Drive,80,5412252,97384745,Etobicoke,38014
43.6623822,-79.5844552,2,Renforth Drive (435),a,Renforth Drive,326,5411505,91779435,Etobicoke,38014
43.6623822,-79.5844552,2,Renforth Drive (548),a,Renforth Drive,326,5411505,91779548,Etobicoke,38014
43.6623822,-79.5844552,2,Elmbrook Crescent (901),a,Elmbrook Crescent,51,5413194,98978901,Etobicoke,38014
43.6623826,-79.5911223,2,Eglinton Avenue West (996),a,Eglinton Avenue West,299,5411523,297384996,Etobicoke,38014
43.6623863,-79.5873412,2,Bigham Crescent (624),a,Bigham Crescent,17,5413193,98977624,Etobicoke,38014
43.6624199,-79.5872643,2,Bigham Crescent (625),a,Bigham Crescent,17,5413193,98977625,Etobicoke,38014
43.6624515,-79.5910449,2,Eglinton Avenue West (997),a,Eglinton Avenue West,299,5411523,297384997,Etobicoke,38014
43.6624515,-79.5910449,2,Eglinton Avenue West (998),a,Eglinton Avenue West,299,5411523,297384998,Etobicoke,38014
43.6624601,-79.583463,2,Brancaster Court (311),a,Brancaster Court,16,5413186,98972311,Etobicoke,38014
43.6625444,-79.5909406,2,Eglinton Avenue West (999),a,Eglinton Avenue West,299,5411523,297384999,Etobicoke,38014
43.6626155,-79.583527,2,Brancaster Court (316),a,Brancaster Court,16,5413186,98972316,Etobicoke,38014
43.66266,-79.5835393,2,Brancaster Court (323),a,Brancaster Court,16,5413186,98972323,Etobicoke,38014
43.6626734,-79.5854176,2,Bigham Crescent (631),a,Bigham Crescent,17,5413193,98977631,Etobicoke,38014
43.6626816,-79.5835393,2,Brancaster Court (327),a,Brancaster Court,16,5413186,98972327,Etobicoke,38014
43.6626832,-79.5820884,2,Wellesworth Drive (746),a,Wellesworth Drive,80,5412252,97384746,Etobicoke,38014
43.6626993,-79.5835322,2,Brancaster Court (329),a,Brancaster Court,16,5413186,98972329,Etobicoke,38014
43.6627136,-79.5835171,2,Brancaster Court (331),a,Brancaster Court,16,5413186,98972331,Etobicoke,38014
43.6627265,-79.5834985,2,Brancaster Court (332),a,Brancaster Court,16,5413186,98972332,Etobicoke,38014
43.6627368,-79.5854409,2,Bigham Crescent (630),a,Bigham Crescent,17,5413193,98977630,Etobicoke,38014
43.6627434,-79.58344,2,Brancaster Court (333),a,Brancaster Court,16,5413186,98972333,Etobicoke,38014
43.6627506,-79.5821101,2,Wellesworth Drive (747),a,Wellesworth Drive,80,5412252,97384747,Etobicoke,38014
43.6627655,-79.583318,2,Brancaster Court (334),a,Brancaster Court,16,5413186,98972334,Etobicoke,38014
43.662767,-79.5857007,2,Bigham Crescent (626),a,Bigham Crescent,17,5413193,98977626,Etobicoke,38014
43.6627729,-79.5854525,2,Bigham Crescent (629),a,Bigham Crescent,17,5413193,98977629,Etobicoke,38014
43.662789,-79.5831204,2,Brancaster Court (335),a,Brancaster Court,16,5413186,98972335,Etobicoke,38014
43.6627928,-79.5856008,2,Bigham Crescent (627),a,Bigham Crescent,17,5413193,98977627,Etobicoke,38014
43.662795,-79.5906591,2,Eglinton Avenue West (000),a,Eglinton Avenue West,299,5411523,297385000,Etobicoke,38014
43.6628007,-79.5855138,2,Bigham Crescent (628),a,Bigham Crescent,17,5413193,98977628,Etobicoke,38014
43.6628044,-79.5846435,2,Renforth Drive (511),a,Renforth Drive,326,5411505,91779511,Etobicoke,38014
43.6628044,-79.5846435,2,Renforth Drive (547),a,Renforth Drive,326,5411505,91779547,Etobicoke,38014
43.6628406,-79.5829207,2,Brancaster Court (336),a,Brancaster Court,16,5413186,98972336,Etobicoke,38014
43.6628659,-79.5827837,2,Brancaster Court (337),a,Brancaster Court,16,5413186,98972337,Etobicoke,38014
43.6628908,-79.5826095,2,Brancaster Court (338),a,Brancaster Court,16,5413186,98972338,Etobicoke,38014
43.6629174,-79.590627,2,Eglinton Avenue West (001),a,Eglinton Avenue West,299,5411523,297385001,Etobicoke,38014
43.6629174,-79.590627,2,Eglinton Avenue West (905),a,Eglinton Avenue West,299,5411523,579922905,Etobicoke,38014
43.6629235,-79.5823483,2,Brancaster Court (339),a,Brancaster Court,16,5413186,98972339,Etobicoke,38014
43.6629295,-79.582289,2,Brancaster Court (340),a,Brancaster Court,16,5413186,98972340,Etobicoke,38014
43.6629463,-79.5821225,2,Wellesworth Drive (748),a,Wellesworth Drive,80,5412252,97384748,Etobicoke,38014
43.6629463,-79.5821225,2,Brancaster Court (341),a,Brancaster Court,16,5413186,98972341,Etobicoke,38014
43.6630435,-79.5904886,2,Eglinton Avenue West (266),a,Eglinton Avenue West,299,5411523,560927266,Etobicoke,38014
43.6630435,-79.5904886,2,Eglinton Avenue West (276),a,Eglinton Avenue West,299,5411523,560927276,Etobicoke,38014
43.6634487,-79.5840351,2,Risdon Court (096),a,Risdon Court,38,5413188,98974096,Etobicoke,38014
43.6634517,-79.5900407,2,Eglinton Avenue West (987),a,Eglinton Avenue West,299,5411523,297384987,Etobicoke,38014
43.6634517,-79.5900407,2,Eglinton Avenue West (002),a,Eglinton Avenue West,299,5411523,297385002,Etobicoke,38014
43.6634517,-79.5900407,2,Eglinton Avenue West (004),a,Eglinton Avenue West,299,5411523,297385004,Etobicoke,38014
43.663459,-79.5841465,2,Risdon Court (097),a,Risdon Court,38,5413188,98974097,Etobicoke,38014
43.6634664,-79.5849489,2,Renforth Drive (432),a,Renforth Drive,326,5411505,91779432,Etobicoke,38014
43.6634664,-79.5849489,2,Renforth Drive (510),a,Renforth Drive,326,5411505,91779510,Etobicoke,38014
43.6634743,-79.5839229,2,Risdon Court (095),a,Risdon Court,38,5413188,98974095,Etobicoke,38014
43.6634861,-79.5899443,2,Eglinton Avenue West (005),a,Eglinton Avenue West,299,5411523,297385005,Etobicoke,38014
43.6635138,-79.5842072,2,Risdon Court (098),a,Risdon Court,38,5413188,98974098,Etobicoke,38014
43.6635268,-79.5837976,2,Risdon Court (094),a,Risdon Court,38,5413188,98974094,Etobicoke,38014
43.6635951,-79.5842301,2,Risdon Court (099),a,Risdon Court,38,5413188,98974099,Etobicoke,38014
43.6636207,-79.5833861,2,Risdon Court (093),a,Risdon Court,38,5413188,98974093,Etobicoke,38014
43.6636468,-79.5833111,2,Risdon Court (092),a,Risdon Court,38,5413188,98974092,Etobicoke,38014
43.6636583,-79.584241,2,Risdon Court (100),a,Risdon Court,38,5413188,98974100,Etobicoke,38014
43.6636724,-79.5831988,2,Risdon Court (091),a,Risdon Court,38,5413188,98974091,Etobicoke,38014
43.6636767,-79.5897383,2,Eglinton Avenue West (006),a,Eglinton Avenue West,299,5411523,297385006,Etobicoke,38014
43.6636767,-79.5897383,2,Eglinton Avenue West (887),a,Eglinton Avenue West,299,5411523,579922887,Etobicoke,38014
43.6636892,-79.5830992,2,Risdon Court (090),a,Risdon Court,38,5413188,98974090,Etobicoke,38014
43.6637146,-79.5829746,2,Risdon Court (089),a,Risdon Court,38,5413188,98974089,Etobicoke,38014
43.6637226,-79.5828876,2,Risdon Court (088),a,Risdon Court,38,5413188,98974088,Etobicoke,38014
43.6637303,-79.5827882,2,Risdon Court (087),a,Risdon Court,38,5413188,98974087,Etobicoke,38014
43.6637305,-79.5842517,2,Risdon Court (101),a,Risdon Court,38,5413188,98974101,Etobicoke,38014
43.6637328,-79.5822106,2,Wellesworth Drive (749),a,Wellesworth Drive,80,5412252,97384749,Etobicoke,38014
43.6637328,-79.5822106,2,Risdon Court (084),a,Risdon Court,38,5413188,98974084,Etobicoke,38014
43.6637348,-79.58239,2,Risdon Court (085),a,Risdon Court,38,5413188,98974085,Etobicoke,38014
43.6637381,-79.5826888,2,Risdon Court (086),a,Risdon Court,38,5413188,98974086,Etobicoke,38014
43.6638437,-79.5851237,2,Renforth Drive (721),a,Renforth Drive,326,5411505,392358721,Etobicoke,38014
43.6638899,-79.5895081,2,Eglinton Avenue West (485),a,Eglinton Avenue West,299,5411523,473888485,Etobicoke,38014
43.6638899,-79.5895081,2,Eglinton Avenue West (486),a,Eglinton Avenue West,299,5411523,473888486,Etobicoke,38014
43.6639628,-79.5822163,2,Wellesworth Drive (750),a,Wellesworth Drive,80,5412252,97384750,Etobicoke,38014
43.6639932,-79.584382,2,Risdon Court (102),a,Risdon Court,38,5413188,98974102,Etobicoke,38014
43.6639938,-79.5851912,2,Renforth Drive (429),a,Renforth Drive,326,5411505,91779429,Etobicoke,38014
43.6640158,-79.5811195,2,Danish Crescent (961),a,Danish Crescent,32,5413176,98965961,Etobicoke,38014
43.6640164,-79.5811691,2,Danish Crescent (960),a,Danish Crescent,32,5413176,98965960,Etobicoke,38014
43.6640238,-79.5810449,2,Danish Crescent (962),a,Danish Crescent,32,5413176,98965962,Etobicoke,38014
43.6640539,-79.5812922,2,Danish Crescent (959),a,Danish Crescent,32,5413176,98965959,Etobicoke,38014
43.6640565,-79.5844053,2,Risdon Court (103),a,Risdon Court,38,5413188,98974103,Etobicoke,38014
43.6640592,-79.5809944,2,Danish Crescent (963),a,Danish Crescent,32,5413176,98965963,Etobicoke,38014
43.664064,-79.585222,2,Renforth Drive (426),a,Renforth Drive,326,5411505,91779426,Etobicoke,38014
43.664064,-79.585222,2,Renforth Drive (509),a,Renforth Drive,326,5411505,91779509,Etobicoke,38014
43.6640828,-79.5814404,2,Danish Crescent (958),a,Danish Crescent,32,5413176,98965958,Etobicoke,38014
43.6641041,-79.580981,2,Danish Crescent (964),a,Danish Crescent,32,5413176,98965964,Etobicoke,38014
43.6641204,-79.5844782,2,Risdon Court (104),a,Risdon Court,38,5413188,98974104,Etobicoke,38014
43.6641704,-79.5820659,2,Danish Crescent (088),a,Danish Crescent,32,5413176,357891088,Etobicoke,38014
43.6641761,-79.5809793,2,Danish Crescent (965),a,Danish Crescent,32,5413176,98965965,Etobicoke,38014
43.6641839,-79.5845139,2,Risdon Court (105),a,Risdon Court,38,5413188,98974105,Etobicoke,38014
43.6641877,-79.5821891,2,Wellesworth Drive (751),a,Wellesworth Drive,80,5412252,97384751,Etobicoke,38014
43.6641877,-79.5821891,2,Danish Crescent (957),a,Danish Crescent,32,5413176,98965957,Etobicoke,38014
43.6642469,-79.5845124,2,Risdon Court (106),a,Risdon Court,38,5413188,98974106,Etobicoke,38014
43.6642763,-79.5821666,2,Wellesworth Drive (752),a,Wellesworth Drive,80,5412252,97384752,Etobicoke,38014
43.6642912,-79.5844494,2,Risdon Court (107),a,Risdon Court,38,5413188,98974107,Etobicoke,38014
43.6643171,-79.5843619,2,Risdon Court (108),a,Risdon Court,38,5413188,98974108,Etobicoke,38014
43.6643193,-79.5809139,2,Danish Crescent (966),a,Danish Crescent,32,5413176,98965966,Etobicoke,38014
43.6643339,-79.5842623,2,Risdon Court (109),a,Risdon Court,38,5413188,98974109,Etobicoke,38014
43.6643506,-79.5841627,2,Risdon Court (110),a,Risdon Court,38,5413188,98974110,Etobicoke,38014
43.664359,-79.5841129,2,Risdon Court (111),a,Risdon Court,38,5413188,98974111,Etobicoke,38014
43.6643997,-79.5808624,2,Danish Crescent (967),a,Danish Crescent,32,5413176,98965967,Etobicoke,38014
43.6645068,-79.5807854,2,Danish Crescent (968),a,Danish Crescent,32,5413176,98965968,Etobicoke,38014
43.6645283,-79.5888184,2,Eglinton Avenue West (484),a,Eglinton Avenue West,299,5411523,473888484,Etobicoke,38014
43.6645405,-79.5820497,2,Wellesworth Drive (753),a,Wellesworth Drive,80,5412252,97384753,Etobicoke,38014
43.6645405,-79.5820497,2,Risdon Court (120),a,Risdon Court,38,5413188,98974120,Etobicoke,38014
43.6645629,-79.5821648,2,Risdon Court (098),a,Risdon Court,38,5413188,357891098,Etobicoke,38014
43.664567,-79.5887766,2,Eglinton Avenue West (483),a,Eglinton Avenue West,299,5411523,473888483,Etobicoke,38014
43.6645694,-79.5821979,2,Risdon Court (119),a,Risdon Court,38,5413188,98974119,Etobicoke,38014
43.6645888,-79.5830408,2,Risdon Court (112),a,Risdon Court,38,5413188,98974112,Etobicoke,38014
43.6645979,-79.5823213,2,Risdon Court (118),a,Risdon Court,38,5413188,98974118,Etobicoke,38014
43.6646142,-79.5829038,2,Risdon Court (113),a,Risdon Court,38,5413188,98974113,Etobicoke,38014
43.6646172,-79.58242,2,Risdon Court (117),a,Risdon Court,38,5413188,98974117,Etobicoke,38014
43.6646216,-79.5827796,2,Risdon Court (114),a,Risdon Court,38,5413188,98974114,Etobicoke,38014
43.6646226,-79.5806835,2,Danish Crescent (969),a,Danish Crescent,32,5413176,98965969,Etobicoke,38014
43.6646274,-79.582519,2,Risdon Court (116),a,Risdon Court,38,5413188,98974116,Etobicoke,38014
43.6646379,-79.5826428,2,Risdon Court (115),a,Risdon Court,38,5413188,98974115,Etobicoke,38014
43.6646536,-79.5887587,2,Eglinton Avenue West (115),a,Eglinton Avenue West,299,5411523,92393115,Etobicoke,38014
43.6646536,-79.5887587,2,Eglinton Avenue West (880),a,Eglinton Avenue West,299,5411523,579922880,Etobicoke,38014
43.6646536,-79.5887587,2,Eglinton Avenue West (886),a,Eglinton Avenue West,299,5411523,579922886,Etobicoke,38014
43.6647303,-79.5886768,2,Eglinton Avenue West (113),a,Eglinton Avenue West,299,5411523,92393113,Etobicoke,38014
43.6647469,-79.5805441,2,Danish Crescent (970),a,Danish Crescent,32,5413176,98965970,Etobicoke,38014
43.6648267,-79.580443,2,Danish Crescent (971),a,Danish Crescent,32,5413176,98965971,Etobicoke,38014
43.6648757,-79.5818605,2,Wellesworth Drive (754),a,Wellesworth Drive,80,5412252,97384754,Etobicoke,38014
43.6649104,-79.5856117,2,Renforth Drive (270),a,Renforth Drive,326,5411505,91779270,Etobicoke,38014
43.6649104,-79.5856117,2,Renforth Drive (508),a,Renforth Drive,326,5411505,91779508,Etobicoke,38014
43.6649104,-79.5856117,2,Gentian Drive (326),a,Gentian Drive,21,5413198,98981326,Etobicoke,38014
43.6649152,-79.5803169,2,Danish Crescent (972),a,Danish Crescent,32,5413176,98965972,Etobicoke,38014
43.6649307,-79.5884794,2,Eglinton Avenue West (111),a,Eglinton Avenue West,299,5411523,92393111,Etobicoke,38014
43.6649524,-79.5854376,2,Gentian Drive (327),a,Gentian Drive,21,5413198,98981327,Etobicoke,38014
43.6649945,-79.5801786,2,Danish Crescent (973),a,Danish Crescent,32,5413176,98965973,Etobicoke,38014
43.6650124,-79.5856634,2,Renforth Drive (269),a,Renforth Drive,326,5411505,91779269,Etobicoke,38014
43.6650508,-79.5883476,2,Eglinton Avenue West (110),a,Eglinton Avenue West,299,5411523,92393110,Etobicoke,38014
43.6650508,-79.5883476,2,Eglinton Avenue West (866),a,Eglinton Avenue West,299,5411523,579922866,Etobicoke,38014
43.6650508,-79.5883476,2,Eglinton Avenue West (869),a,Eglinton Avenue West,299,5411523,579922869,Etobicoke,38014
43.6650647,-79.5800281,2,Danish Crescent (974),a,Danish Crescent,32,5413176,98965974,Etobicoke,38014
43.6650879,-79.5848027,2,Sagamore Crescent (883),a,Sagamore Crescent,21,5413182,98969883,Etobicoke,38014
43.6650879,-79.5848027,2,Gentian Drive (308),a,Gentian Drive,21,5413198,98981308,Etobicoke,38014
43.6650879,-79.5848027,2,Gentian Drive (328),a,Gentian Drive,21,5413198,98981328,Etobicoke,38014
43.6651255,-79.579853,2,Danish Crescent (975),a,Danish Crescent,32,5413176,98965975,Etobicoke,38014
43.6651328,-79.5797164,2,Danish Crescent (977),a,Danish Crescent,32,5413176,98965977,Etobicoke,38014
43.6651338,-79.5797908,2,Danish Crescent (976),a,Danish Crescent,32,5413176,98965976,Etobicoke,38014
43.6651362,-79.5881816,2,Eglinton Avenue West (013),a,Eglinton Avenue West,299,5411523,328757013,Etobicoke,38014
43.6651501,-79.579654,2,Danish Crescent (978),a,Danish Crescent,32,5413176,98965978,Etobicoke,38014
43.6651761,-79.5857718,2,Renforth Drive (268),a,Renforth Drive,326,5411505,91779268,Etobicoke,38014
43.6651765,-79.5796038,2,Danish Crescent (979),a,Danish Crescent,32,5413176,98965979,Etobicoke,38014
43.6651894,-79.5883196,2,Eglinton Avenue West (959),a,Eglinton Avenue West,299,5411523,328756959,Etobicoke,38014
43.665221,-79.5795655,2,Danish Crescent (980),a,Danish Crescent,32,5413176,98965980,Etobicoke,38014
43.6652299,-79.5815476,2,Wellesworth Drive (700),a,Wellesworth Drive,80,5412252,97384700,Etobicoke,38014
43.6652299,-79.5815476,2,Wellesworth Drive (755),a,Wellesworth Drive,80,5412252,97384755,Etobicoke,38014
43.6652299,-79.5815476,2,Gentian Drive (325),a,Gentian Drive,21,5413198,98981325,Etobicoke,38014
43.6652422,-79.585822,2,Renforth Drive (334),a,Renforth Drive,326,5411505,473888334,Etobicoke,38014
43.665266,-79.5795644,2,Danish Crescent (981),a,Danish Crescent,32,5413176,98965981,Etobicoke,38014
43.6652702,-79.5816449,2,Gentian Drive (324),a,Gentian Drive,21,5413198,98981324,Etobicoke,38014
43.6652931,-79.5816971,2,Gentian Drive (323),a,Gentian Drive,21,5413198,98981323,Etobicoke,38014
43.6653023,-79.5795884,2,Danish Crescent (982),a,Danish Crescent,32,5413176,98965982,Etobicoke,38014
43.6653035,-79.5882338,2,Eglinton Avenue West (039),a,Eglinton Avenue West,299,5411523,92393039,Etobicoke,38014
43.6653359,-79.5859096,2,Renforth Drive (266),a,Renforth Drive,326,5411505,91779266,Etobicoke,38014
43.6653567,-79.5818214,2,Gentian Drive (322),a,Gentian Drive,21,5413198,98981322,Etobicoke,38014
43.6653661,-79.5796489,2,Danish Crescent (983),a,Danish Crescent,32,5413176,98965983,Etobicoke,38014
43.6653876,-79.5835554,2,Ashfield Drive (742),a,Ashfield Drive,25,5413183,98970742,Etobicoke,38014
43.6653876,-79.5835554,2,Gentian Drive (309),a,Gentian Drive,21,5413198,98981309,Etobicoke,38014
43.6653998,-79.581918,2,Gentian Drive (321),a,Gentian Drive,21,5413198,98981321,Etobicoke,38014
43.6654237,-79.5860061,2,Renforth Drive (068),a,Renforth Drive,326,5411505,560927068,Etobicoke,38014
43.6654312,-79.5819916,2,Gentian Drive (320),a,Gentian Drive,21,5413198,98981320,Etobicoke,38014
43.6654479,-79.579709,2,Danish Crescent (984),a,Danish Crescent,32,5413176,98965984,Etobicoke,38014
43.6654593,-79.5820777,2,Gentian Drive (319),a,Gentian Drive,21,5413198,98981319,Etobicoke,38014
43.66549,-79.5821768,2,Gentian Drive (318),a,Gentian Drive,21,5413198,98981318,Etobicoke,38014
43.6655012,-79.5878793,2,Eglinton Avenue West (014),a,Eglinton Avenue West,299,5411523,328757014,Etobicoke,38014
43.6655067,-79.5822751,2,Gentian Drive (317),a,Gentian Drive,21,5413198,98981317,Etobicoke,38014
43.665507,-79.5830192,2,Gentian Drive (310),a,Gentian Drive,21,5413198,98981310,Etobicoke,38014
43.6655109,-79.5811543,2,Wellesworth Drive (701),a,Wellesworth Drive,80,5412252,97384701,Etobicoke,38014
43.6655149,-79.5829322,2,Gentian Drive (311),a,Gentian Drive,21,5413198,98981311,Etobicoke,38014
43.665517,-79.582374,2,Gentian Drive (316),a,Gentian Drive,21,5413198,98981316,Etobicoke,38014
43.6655247,-79.5861329,2,Renforth Drive (147),a,Renforth Drive,326,5411505,91779147,Etobicoke,38014
43.6655247,-79.5861329,2,Renforth Drive (265),a,Renforth Drive,326,5411505,91779265,Etobicoke,38014
43.6655247,-79.5861329,2,Renforth Drive (271),a,Renforth Drive,326,5411505,91779271,Etobicoke,38014
43.6655272,-79.582473,2,Gentian Drive (315),a,Gentian Drive,21,5413198,98981315,Etobicoke,38014
43.6655314,-79.5828078,2,Gentian Drive (312),a,Gentian Drive,21,5413198,98981312,Etobicoke,38014
43.6655382,-79.5811075,2,Wellesworth Drive (702),a,Wellesworth Drive,80,5412252,97384702,Etobicoke,38014
43.665539,-79.582696,2,Gentian Drive (313),a,Gentian Drive,21,5413198,98981313,Etobicoke,38014
43.6655399,-79.5825797,2,Gentian Drive (314),a,Gentian Drive,21,5413198,98981314,Etobicoke,38014
43.6655676,-79.5862963,2,Renforth Drive (146),a,Renforth Drive,326,5411505,91779146,Etobicoke,38014
43.6655767,-79.5850145,2,Sagamore Crescent (884),a,Sagamore Crescent,21,5413182,98969884,Etobicoke,38014
43.6656246,-79.5861709,2,Renforth Drive (272),a,Renforth Drive,326,5411505,91779272,Etobicoke,38014
43.6656403,-79.5850626,2,Sagamore Crescent (885),a,Sagamore Crescent,21,5413182,98969885,Etobicoke,38014
43.665648,-79.5879857,2,Eglinton Avenue West (038),a,Eglinton Avenue West,299,5411523,92393038,Etobicoke,38014
43.665704,-79.5851108,2,Sagamore Crescent (886),a,Sagamore Crescent,21,5413182,98969886,Etobicoke,38014
43.6657136,-79.583709,2,Ashfield Drive (743),a,Ashfield Drive,25,5413183,98970743,Etobicoke,38014
43.6657177,-79.5865729,2,Renforth Drive (145),a,Renforth Drive,326,5411505,91779145,Etobicoke,38014
43.665771,-79.580708,2,Wellesworth Drive (703),a,Wellesworth Drive,80,5412252,97384703,Etobicoke,38014
43.6657763,-79.5851339,2,Sagamore Crescent (887),a,Sagamore Crescent,21,5413182,98969887,Etobicoke,38014
43.6657769,-79.5837323,2,Ashfield Drive (744),a,Ashfield Drive,25,5413183,98970744,Etobicoke,38014
43.6657995,-79.5867825,2,Renforth Drive (058),a,Renforth Drive,326,5411505,560927058,Etobicoke,38014
43.6658,-79.586473,2,Renforth Drive (273),a,Renforth Drive,326,5411505,91779273,Etobicoke,38014
43.6658206,-79.5877039,2,Eglinton Avenue West (142),a,Eglinton Avenue West,299,5411523,92393142,Etobicoke,38014
43.6658393,-79.5851324,2,Sagamore Crescent (888),a,Sagamore Crescent,21,5413182,98969888,Etobicoke,38014
43.6658402,-79.5837556,2,Ashfield Drive (745),a,Ashfield Drive,25,5413183,98970745,Etobicoke,38014
43.6658481,-79.5804928,2,Wellesworth Drive (106),a,Wellesworth Drive,80,5412252,357891106,Etobicoke,38014
43.6658568,-79.5878758,2,Eglinton Avenue West (037),a,Eglinton Avenue West,299,5411523,92393037,Etobicoke,38014
43.6658676,-79.5869951,2,Renforth Drive (144),a,Renforth Drive,326,5411505,91779144,Etobicoke,38014
43.6658748,-79.5850943,2,Sagamore Crescent (889),a,Sagamore Crescent,21,5413182,98969889,Etobicoke,38014
43.6658772,-79.5866734,2,Renforth Drive (275),a,Renforth Drive,326,5411505,91779275,Etobicoke,38014
43.665883,-79.5799468,2,Danish Crescent (985),a,Danish Crescent,32,5413176,98965985,Etobicoke,38014
43.6658854,-79.5837669,2,Ashfield Drive (746),a,Ashfield Drive,25,5413183,98970746,Etobicoke,38014
43.6659059,-79.5876561,2,Eglinton Avenue West (144),a,Eglinton Avenue West,299,5411523,92393144,Etobicoke,38014
43.66592,-79.5872057,2,Renforth Drive (143),a,Renforth Drive,326,5411505,91779143,Etobicoke,38014
43.6659215,-79.5802877,2,Wellesworth Drive (704),a,Wellesworth Drive,80,5412252,97384704,Etobicoke,38014
43.6659314,-79.5876429,2,Eglinton Avenue West (723),a,Eglinton Avenue West,299,5411523,392358723,Etobicoke,38014
43.6659371,-79.5850309,2,Sagamore Crescent (890),a,Sagamore Crescent,21,5413182,98969890,Etobicoke,38014
43.6659393,-79.5837533,2,Ashfield Drive (747),a,Ashfield Drive,25,5413183,98970747,Etobicoke,38014
43.6659421,-79.587839,2,Eglinton Avenue West (958),a,Eglinton Avenue West,299,5411523,328756958,Etobicoke,38014
43.6659541,-79.5799834,2,Danish Crescent (673),a,Danish Crescent,32,5413176,579922673,Etobicoke,38014
43.665958,-79.587376,2,Renforth Drive (142),a,Renforth Drive,326,5411505,91779142,Etobicoke,38014
43.6659677,-79.5878244,2,Eglinton Avenue West (287),a,Eglinton Avenue West,299,5411523,392358287,Etobicoke,38014
43.6659681,-79.5869549,2,Renforth Drive (276),a,Renforth Drive,326,5411505,91779276,Etobicoke,38014
43.6659748,-79.5837152,2,Ashfield Drive (748),a,Ashfield Drive,25,5413183,98970748,Etobicoke,38014
43.6659752,-79.5874501,2,Renforth Drive (572),a,Renforth Drive,326,5411505,328756572,Etobicoke,38014
43.6659834,-79.5874854,2,Renforth Drive (818),a,Renforth Drive,326,5411505,392357818,Etobicoke,38014
43.6659834,-79.5874854,2,Renforth Drive (342),a,Renforth Drive,326,5411505,579925342,Etobicoke,38014
43.6659993,-79.5849674,2,Sagamore Crescent (891),a,Sagamore Crescent,21,5413182,98969891,Etobicoke,38014
43.666013,-79.5875994,2,Renforth Drive (544),a,Renforth Drive,326,5411505,91779544,Etobicoke,38014
43.666013,-79.5875994,2,Renforth Drive (341),a,Renforth Drive,326,5411505,579925341,Etobicoke,38014
43.666013,-79.5875994,2,Eglinton Avenue West (035),a,Eglinton Avenue West,299,5411523,92393035,Etobicoke,38014
43.666013,-79.5875994,2,Eglinton Avenue West (146),a,Eglinton Avenue West,299,5411523,92393146,Etobicoke,38014
43.666019,-79.5800169,2,Wellesworth Drive (705),a,Wellesworth Drive,80,5412252,97384705,Etobicoke,38014
43.666019,-79.5800169,2,Danish Crescent (986),a,Danish Crescent,32,5413176,98965986,Etobicoke,38014
43.666028,-79.583652,2,Ashfield Drive (749),a,Ashfield Drive,25,5413183,98970749,Etobicoke,38014
43.6660319,-79.5876742,2,Renforth Drive (505),a,Renforth Drive,326,5411505,91779505,Etobicoke,38014
43.6660319,-79.5876742,2,Renforth Drive (543),a,Renforth Drive,326,5411505,91779543,Etobicoke,38014
43.6660319,-79.5876742,2,Eglinton Avenue West (411),a,Eglinton Avenue West,299,5411523,92393411,Etobicoke,38014
43.6660596,-79.5877792,2,Renforth Drive (256),a,Renforth Drive,326,5411505,91779256,Etobicoke,38014
43.6660596,-79.5877792,2,Renforth Drive (504),a,Renforth Drive,326,5411505,91779504,Etobicoke,38014
43.6660596,-79.5877792,2,Eglinton Avenue West (327),a,Eglinton Avenue West,299,5411523,92393327,Etobicoke,38014
43.6660596,-79.5877792,2,Eglinton Avenue West (865),a,Eglinton Avenue West,299,5411523,579922865,Etobicoke,38014
43.6660887,-79.5878901,2,Renforth Drive (255),a,Renforth Drive,326,5411505,91779255,Etobicoke,38014
43.666092,-79.5873837,2,Renforth Drive (279),a,Renforth Drive,326,5411505,91779279,Etobicoke,38014
43.6661005,-79.5797543,2,Wellesworth Drive (107),a,Wellesworth Drive,80,5412252,357891107,Etobicoke,38014
43.6661016,-79.5874197,2,Renforth Drive (313),a,Renforth Drive,326,5411505,392358313,Etobicoke,38014
43.6661016,-79.5874197,2,Renforth Drive (343),a,Renforth Drive,326,5411505,579925343,Etobicoke,38014
43.6661123,-79.5879802,2,Renforth Drive (253),a,Renforth Drive,326,5411505,91779253,Etobicoke,38014
43.6661123,-79.5879802,2,Renforth Drive (523),a,Renforth Drive,326,5411505,91779523,Etobicoke,38014
43.6661339,-79.5875343,2,Renforth Drive (281),a,Renforth Drive,326,5411505,91779281,Etobicoke,38014
43.6661339,-79.5875343,2,Renforth Drive (344),a,Renforth Drive,326,5411505,579925344,Etobicoke,38014
43.6661339,-79.5875343,2,Eglinton Avenue West (036),a,Eglinton Avenue West,299,5411523,92393036,Etobicoke,38014
43.6661339,-79.5875343,2,Eglinton Avenue West (093),a,Eglinton Avenue West,299,5411523,92393093,Etobicoke,38014
43.6661478,-79.5881029,2,Renforth Drive (522),a,Renforth Drive,326,5411505,91779522,Etobicoke,38014
43.6661478,-79.5881029,2,Renforth Drive (525),a,Renforth Drive,326,5411505,91779525,Etobicoke,38014
43.6661576,-79.5876171,2,Renforth Drive (282),a,Renforth Drive,326,5411505,91779282,Etobicoke,38014
43.6661576,-79.5876171,2,Renforth Drive (545),a,Renforth Drive,326,5411505,91779545,Etobicoke,38014
43.6661576,-79.5876171,2,Eglinton Avenue West (410),a,Eglinton Avenue West,299,5411523,92393410,Etobicoke,38014
43.6661828,-79.5877142,2,Renforth Drive (148),a,Renforth Drive,326,5411505,91779148,Etobicoke,38014
43.6661828,-79.5877142,2,Renforth Drive (546),a,Renforth Drive,326,5411505,91779546,Etobicoke,38014
43.6661828,-79.5877142,2,Eglinton Avenue West (065),a,Eglinton Avenue West,299,5411523,92393065,Etobicoke,38014
43.6661828,-79.5877142,2,Eglinton Avenue West (326),a,Eglinton Avenue West,299,5411523,92393326,Etobicoke,38014
43.6662091,-79.5874988,2,Eglinton Avenue West (094),a,Eglinton Avenue West,299,5411523,92393094,Etobicoke,38014
43.6662102,-79.5878308,2,Renforth Drive (149),a,Renforth Drive,326,5411505,91779149,Etobicoke,38014
43.6662126,-79.5883696,2,Renforth Drive (524),a,Renforth Drive,326,5411505,91779524,Etobicoke,38014
43.6662126,-79.5883696,2,Renforth Drive (536),a,Renforth Drive,326,5411505,91779536,Etobicoke,38014
43.6662309,-79.5875841,2,Eglinton Avenue West (993),a,Eglinton Avenue West,299,5411523,297384993,Etobicoke,38014
43.6662548,-79.5876841,2,Eglinton Avenue West (064),a,Eglinton Avenue West,299,5411523,92393064,Etobicoke,38014
43.6662655,-79.5880521,2,Renforth Drive (152),a,Renforth Drive,326,5411505,91779152,Etobicoke,38014
43.6662655,-79.5880521,2,Renforth Drive (263),a,Renforth Drive,326,5411505,91779263,Etobicoke,38014
43.666343,-79.5888224,2,Renforth Drive (535),a,Renforth Drive,326,5411505,91779535,Etobicoke,38014
43.6663466,-79.5883326,2,Renforth Drive (264),a,Renforth Drive,326,5411505,91779264,Etobicoke,38014
43.6663466,-79.5883326,2,Renforth Drive (520),a,Renforth Drive,326,5411505,91779520,Etobicoke,38014
43.6664213,-79.5834194,2,Sagamore Crescent (903),a,Sagamore Crescent,21,5413182,98969903,Etobicoke,38014
43.6664213,-79.5834194,2,Ashfield Drive (750),a,Ashfield Drive,25,5413183,98970750,Etobicoke,38014
43.6664307,-79.5887403,2,Renforth Drive (521),a,Renforth Drive,326,5411505,91779521,Etobicoke,38014
43.6664307,-79.5887403,2,Renforth Drive (537),a,Renforth Drive,326,5411505,91779537,Etobicoke,38014
43.6664481,-79.5896076,2,Matheson Boulevard East (316),a,Matheson Boulevard East,25,5411874,95206316,Etobicoke,38014
43.6664901,-79.5893396,2,Renforth Drive (519),a,Renforth Drive,326,5411505,91779519,Etobicoke,38014
43.6664901,-79.5893396,2,Renforth Drive (534),a,Renforth Drive,326,5411505,91779534,Etobicoke,38014
43.6665207,-79.5894403,2,Renforth Drive (518),a,Renforth Drive,326,5411505,91779518,Etobicoke,38014
43.6665222,-79.5891063,2,Renforth Drive (526),a,Renforth Drive,326,5411505,91779526,Etobicoke,38014
43.6665222,-79.5891063,2,Renforth Drive (538),a,Renforth Drive,326,5411505,91779538,Etobicoke,38014
43.6665616,-79.5875627,2,Eglinton Avenue West (063),a,Eglinton Avenue West,299,5411523,92393063,Etobicoke,38014
43.6665616,-79.5875627,2,Eglinton Avenue West (380),a,Eglinton Avenue West,299,5411523,92393380,Etobicoke,38014
43.6665621,-79.5846069,2,Sagamore Crescent (892),a,Sagamore Crescent,21,5413182,98969892,Etobicoke,38014
43.6666083,-79.5896856,2,Renforth Drive (517),a,Renforth Drive,326,5411505,91779517,Etobicoke,38014
43.6666156,-79.589436,2,Renforth Drive (527),a,Renforth Drive,326,5411505,91779527,Etobicoke,38014
43.6666338,-79.5845804,2,Sagamore Crescent (893),a,Sagamore Crescent,21,5413182,98969893,Etobicoke,38014
43.6666917,-79.5841697,2,Sagamore Crescent (902),a,Sagamore Crescent,21,5413182,98969902,Etobicoke,38014
43.6666962,-79.5895865,2,Renforth Drive (528),a,Renforth Drive,326,5411505,91779528,Etobicoke,38014
43.6666967,-79.5845665,2,Sagamore Crescent (894),a,Sagamore Crescent,21,5413182,98969894,Etobicoke,38014
43.666701,-79.5841943,2,Sagamore Crescent (901),a,Sagamore Crescent,21,5413182,98969901,Etobicoke,38014
43.6667164,-79.5898999,2,Renforth Drive (516),a,Renforth Drive,326,5411505,91779516,Etobicoke,38014
43.6667197,-79.5842435,2,Sagamore Crescent (900),a,Sagamore Crescent,21,5413182,98969900,Etobicoke,38014
43.6667504,-79.5845404,2,Sagamore Crescent (895),a,Sagamore Crescent,21,5413182,98969895,Etobicoke,38014
43.6667563,-79.5842922,2,Sagamore Crescent (899),a,Sagamore Crescent,21,5413182,98969899,Etobicoke,38014
43.6667661,-79.5893477,2,Matheson Boulevard East (289),a,Matheson Boulevard East,25,5411874,95206289,Etobicoke,38014
43.6667661,-79.5893477,2,Matheson Boulevard East (318),a,Matheson Boulevard East,25,5411874,95206318,Etobicoke,38014
43.6667712,-79.5896998,2,Renforth Drive (529),a,Renforth Drive,326,5411505,91779529,Etobicoke,38014
43.6667766,-79.5844778,2,Sagamore Crescent (896),a,Sagamore Crescent,21,5413182,98969896,Etobicoke,38014
43.6667839,-79.5843412,2,Sagamore Crescent (898),a,Sagamore Crescent,21,5413182,98969898,Etobicoke,38014
43.666787,-79.587336,2,Eglinton Avenue West (113),a,Eglinton Avenue West,299,5411523,328757113,Etobicoke,38014
43.6667937,-79.584403,2,Sagamore Crescent (897),a,Sagamore Crescent,21,5413182,98969897,Etobicoke,38014
43.666822,-79.5873334,2,Eglinton Avenue West (377),a,Eglinton Avenue West,299,5411523,92393377,Etobicoke,38014
43.666822,-79.5873334,2,Eglinton Avenue West (883),a,Eglinton Avenue West,299,5411523,579922883,Etobicoke,38014
43.6668346,-79.589801,2,Renforth Drive (530),a,Renforth Drive,326,5411505,91779530,Etobicoke,38014
43.6668383,-79.5874149,2,Eglinton Avenue West (378),a,Eglinton Avenue West,299,5411523,92393378,Etobicoke,38014
43.6668383,-79.5874149,2,Eglinton Avenue West (421),a,Eglinton Avenue West,299,5411523,92393421,Etobicoke,38014
43.6668491,-79.5873347,2,Eglinton Avenue West (376),a,Eglinton Avenue West,299,5411523,92393376,Etobicoke,38014
43.6668565,-79.5872125,2,Eglinton Avenue West (095),a,Eglinton Avenue West,299,5411523,92393095,Etobicoke,38014
43.6668565,-79.5872125,2,Eglinton Avenue West (358),a,Eglinton Avenue West,299,5411523,92393358,Etobicoke,38014
43.6668741,-79.5901239,2,Renforth Drive (515),a,Renforth Drive,326,5411505,91779515,Etobicoke,38014
43.6669354,-79.5899325,2,Renforth Drive (531),a,Renforth Drive,326,5411505,91779531,Etobicoke,38014
43.6669541,-79.5873553,2,Eglinton Avenue West (375),a,Eglinton Avenue West,299,5411523,92393375,Etobicoke,38014
43.6669541,-79.5873553,2,Eglinton Avenue West (418),a,Eglinton Avenue West,299,5411523,92393418,Etobicoke,38014
43.6669541,-79.5873553,2,Eglinton Avenue West (420),a,Eglinton Avenue West,299,5411523,92393420,Etobicoke,38014
43.6670842,-79.5900998,2,Renforth Drive (532),a,Renforth Drive,326,5411505,91779532,Etobicoke,38014
43.667126,-79.5870995,2,Eglinton Avenue West (363),a,Eglinton Avenue West,299,5411523,92393363,Etobicoke,38014
43.667126,-79.5870995,2,Eglinton Avenue West (365),a,Eglinton Avenue West,299,5411523,92393365,Etobicoke,38014
43.6671475,-79.5901591,2,Renforth Drive (257),a,Renforth Drive,326,5411505,91779257,Etobicoke,38014
43.6671475,-79.5901591,2,Renforth Drive (533),a,Renforth Drive,326,5411505,91779533,Etobicoke,38014
43.6671699,-79.5872529,2,Eglinton Avenue West (098),a,Eglinton Avenue West,299,5411523,92393098,Etobicoke,38014
43.6671699,-79.5872529,2,Eglinton Avenue West (416),a,Eglinton Avenue West,299,5411523,92393416,Etobicoke,38014
43.6672308,-79.5889649,2,Matheson Boulevard East (291),a,Matheson Boulevard East,25,5411874,95206291,Etobicoke,38014
43.6672818,-79.5902824,2,Renforth Drive (259),a,Renforth Drive,326,5411505,91779259,Etobicoke,38014
43.6673212,-79.5871799,2,Eglinton Avenue West (097),a,Eglinton Avenue West,299,5411523,92393097,Etobicoke,38014
43.6674085,-79.5903816,2,Renforth Drive (260),a,Renforth Drive,326,5411505,91779260,Etobicoke,38014
43.6675807,-79.5868918,2,Eglinton Avenue West (366),a,Eglinton Avenue West,299,5411523,92393366,Etobicoke,38014
43.6677052,-79.5905626,2,Renforth Drive (262),a,Renforth Drive,326,5411505,91779262,Etobicoke,38014
43.6677052,-79.5905626,2,Renforth Drive (373),a,Renforth Drive,326,5411505,91779373,Etobicoke,38014
43.667823,-79.5884662,2,Matheson Boulevard East (293),a,Matheson Boulevard East,25,5411874,95206293,Etobicoke,38014
43.6678383,-79.5868878,2,Eglinton Avenue West (951),a,Eglinton Avenue West,299,5411523,92392951,Etobicoke,38014
43.6678383,-79.5868878,2,Eglinton Avenue West (096),a,Eglinton Avenue West,299,5411523,92393096,Etobicoke,38014
43.6678653,-79.5906571,2,Renforth Drive (072),a,Renforth Drive,326,5411505,560927072,Etobicoke,38014
43.6678746,-79.5867588,2,Eglinton Avenue West (369),a,Eglinton Avenue West,299,5411523,92393369,Etobicoke,38014
43.6679014,-79.590679,2,Renforth Drive (102),a,Renforth Drive,326,5411505,91779102,Etobicoke,38014
43.6679014,-79.590679,2,Renforth Drive (375),a,Renforth Drive,326,5411505,91779375,Etobicoke,38014
43.6679325,-79.5883559,2,Matheson Boulevard East (295),a,Matheson Boulevard East,25,5411874,95206295,Etobicoke,38014
43.6680527,-79.588224,2,Matheson Boulevard East (297),a,Matheson Boulevard East,25,5411874,95206297,Etobicoke,38014
43.6681095,-79.5823254,2,Ashfield Drive (754),a,Ashfield Drive,25,5413183,98970754,Etobicoke,38014
43.6681147,-79.5865677,2,Eglinton Avenue West (370),a,Eglinton Avenue West,299,5411523,92393370,Etobicoke,38014
43.6681542,-79.5866786,2,Eglinton Avenue West (950),a,Eglinton Avenue West,299,5411523,92392950,Etobicoke,38014
43.6681687,-79.5880591,2,Matheson Boulevard East (300),a,Matheson Boulevard East,25,5411874,95206300,Etobicoke,38014
43.6681687,-79.5880591,2,Matheson Boulevard East (565),a,Matheson Boulevard East,25,5411874,579924565,Etobicoke,38014
43.6681839,-79.586519,2,Eglinton Avenue West (058),a,Eglinton Avenue West,299,5411523,92393058,Etobicoke,38014
43.6681839,-79.586519,2,Eglinton Avenue West (373),a,Eglinton Avenue West,299,5411523,92393373,Etobicoke,38014
43.6681839,-79.586519,2,Matheson Boulevard East (277),a,Matheson Boulevard East,25,5411874,95206277,Etobicoke,38014
43.6682079,-79.5866497,2,Eglinton Avenue West (949),a,Eglinton Avenue West,299,5411523,92392949,Etobicoke,38014
43.6682079,-79.5866497,2,Matheson Boulevard East (275),a,Matheson Boulevard East,25,5411874,95206275,Etobicoke,38014
43.6682079,-79.5866497,2,Matheson Boulevard East (326),a,Matheson Boulevard East,25,5411874,95206326,Etobicoke,38014
43.668223,-79.5879493,2,Matheson Boulevard East (694),a,Matheson Boulevard East,25,5411874,497595694,Etobicoke,38014
43.6682236,-79.5867317,2,Matheson Boulevard East (324),a,Matheson Boulevard East,25,5411874,95206324,Etobicoke,38014
43.6682521,-79.5870122,2,Matheson Boulevard East (322),a,Matheson Boulevard East,25,5411874,95206322,Etobicoke,38014
43.6682672,-79.5864562,2,Eglinton Avenue West (973),a,Eglinton Avenue West,299,5411523,297384973,Etobicoke,38014
43.6682672,-79.5864562,2,Matheson Boulevard (088),a,Matheson Boulevard,5,15266987,297408088,Etobicoke,38014
43.6682692,-79.5877976,2,Matheson Boulevard East (692),a,Matheson Boulevard East,25,5411874,497595692,Etobicoke,38014
43.6682893,-79.5865976,2,Matheson Boulevard (089),a,Matheson Boulevard,5,15266987,297408089,Etobicoke,38014
43.6682915,-79.5870939,2,Matheson Boulevard East (320),a,Matheson Boulevard East,25,5411874,95206320,Etobicoke,38014
43.6682915,-79.5870939,2,Matheson Boulevard East (331),a,Matheson Boulevard East,25,5411874,95206331,Etobicoke,38014
43.6682915,-79.5870939,2,Matheson Boulevard (092),a,Matheson Boulevard,5,15266987,297408092,Etobicoke,38014
43.6682973,-79.5875984,2,Matheson Boulevard East (693),a,Matheson Boulevard East,25,5411874,497595693,Etobicoke,38014
43.6683002,-79.5866847,2,Matheson Boulevard (090),a,Matheson Boulevard,5,15266987,297408090,Etobicoke,38014
43.6683045,-79.58717,2,Matheson Boulevard East (329),a,Matheson Boulevard East,25,5411874,95206329,Etobicoke,38014
43.6683111,-79.5875064,2,Matheson Boulevard East (696),a,Matheson Boulevard East,25,5411874,497595696,Etobicoke,38014
43.6683123,-79.587255,2,Matheson Boulevard East (327),a,Matheson Boulevard East,25,5411874,95206327,Etobicoke,38014
43.6683123,-79.587255,2,Matheson Boulevard East (566),a,Matheson Boulevard East,25,5411874,579924566,Etobicoke,38014
43.6683135,-79.5870307,2,Matheson Boulevard (091),a,Matheson Boulevard,5,15266987,297408091,Etobicoke,38014
43.6683159,-79.5873401,2,Matheson Boulevard East (695),a,Matheson Boulevard East,25,5411874,497595695,Etobicoke,38014
43.6683188,-79.5874223,2,Matheson Boulevard East (691),a,Matheson Boulevard East,25,5411874,497595691,Etobicoke,38014
43.668547,-79.5910788,2,Renforth Drive (104),a,Renforth Drive,326,5411505,91779104,Etobicoke,38014
43.668547,-79.5910788,2,Renforth Drive (376),a,Renforth Drive,326,5411505,91779376,Etobicoke,38014
43.6685624,-79.5861556,2,Eglinton Avenue West (060),a,Eglinton Avenue West,299,5411523,92393060,Etobicoke,38014
43.6685984,-79.5912843,2,Renforth Drive (535),a,Renforth Drive,326,5411505,297383535,Etobicoke,38014
43.6687736,-79.5860692,2,Eglinton Avenue West (072),a,Eglinton Avenue West,299,5411523,92393072,Etobicoke,38014
43.6688484,-79.5858034,2,Eglinton Avenue West (061),a,Eglinton Avenue West,299,5411523,92393061,Etobicoke,38014
43.6689117,-79.5858956,2,Eglinton Avenue West (071),a,Eglinton Avenue West,299,5411523,92393071,Etobicoke,38014
43.6690724,-79.5854654,2,Eglinton Avenue West (062),a,Eglinton Avenue West,299,5411523,92393062,Etobicoke,38014
43.6692539,-79.5916745,2,Renforth Drive (105),a,Renforth Drive,326,5411505,91779105,Etobicoke,38014
43.6693181,-79.59153,2,Renforth Drive (108),a,Renforth Drive,326,5411505,91779108,Etobicoke,38014
43.6693181,-79.59153,2,Renforth Drive (378),a,Renforth Drive,326,5411505,91779378,Etobicoke,38014
43.6695948,-79.5917006,2,Renforth Drive (109),a,Renforth Drive,326,5411505,91779109,Etobicoke,38014
43.6695948,-79.5917006,2,Renforth Drive (380),a,Renforth Drive,326,5411505,91779380,Etobicoke,38014
43.670053,-79.5919804,2,Renforth Drive (381),a,Renforth Drive,326,5411505,91779381,Etobicoke,38014
43.6712738,-79.5927117,2,Renforth Drive (073),a,Renforth Drive,326,5411505,560927073,Etobicoke,38014
43.6712738,-79.5927117,2,Renforth Drive (104),a,Renforth Drive,326,5411505,560927104,Etobicoke,38014
43.6712989,-79.5927265,2,Renforth Drive (102),a,Renforth Drive,326,5411505,560927102,Etobicoke,38014
43.6720668,-79.5931781,2,Renforth Drive (103),a,Renforth Drive,326,5411505,560927103,Etobicoke,38014
43.6761832,-79.5553375,2,Eglinton Avenue West (678),a,Eglinton Avenue West,299,5411523,436131678,Etobicoke,38014
43.677253,-79.550673,2,Eglinton Avenue West (533),a,Eglinton Avenue West,299,5411523,415121533,Etobicoke,38014
43.6774988,-79.5495879,2,Eglinton Avenue West (134),a,Eglinton Avenue West,299,5411523,92393134,Etobicoke,38014
43.6774988,-79.5495879,2,Eglinton Avenue West (893),a,Eglinton Avenue West,299,5411523,579922893,Etobicoke,38014
43.6775415,-79.5494153,2,Eglinton Avenue West (721),a,Eglinton Avenue West,299,5411523,486821721,Etobicoke,38014
43.6776226,-79.5490881,2,Eglinton Avenue West (136),a,Eglinton Avenue West,299,5411523,92393136,Etobicoke,38014
43.6776226,-79.5490881,2,Eglinton Avenue West (313),a,Eglinton Avenue West,299,5411523,92393313,Etobicoke,38014
43.6777212,-79.5486304,2,Eglinton Avenue West (312),a,Eglinton Avenue West,299,5411523,92393312,Etobicoke,38014
43.6777212,-79.5486304,2,Eglinton Avenue West (895),a,Eglinton Avenue West,299,5411523,579922895,Etobicoke,38014
43.6800855,-79.537784,2,Eglinton Avenue West (263),a,Eglinton Avenue West,299,5411523,92393263,Etobicoke,38014
43.6800855,-79.537784,2,Eglinton Avenue West (888),a,Eglinton Avenue West,299,5411523,579922888,Etobicoke,38014
43.6804587,-79.5359939,2,Eglinton Avenue West (449),a,Eglinton Avenue West,299,5411523,415121449,Etobicoke,38014
43.6827001,-79.5247785,2,Eglinton Avenue West (091),a,Eglinton Avenue West,299,5411523,92393091,Etobicoke,38014
43.6833442,-79.5206505,2,Eglinton Avenue West (519),a,Eglinton Avenue West,299,5411523,415121519,Etobicoke,38014
43.6833442,-79.5206505,2,Eglinton Avenue West (520),a,Eglinton Avenue West,299,5411523,415121520,Etobicoke,38014
43.6833603,-79.5202953,2,Eglinton Avenue West (267),a,Eglinton Avenue West,299,5411523,560927267,Etobicoke,38014
43.6833759,-79.5199525,2,Eglinton Avenue West (034),a,Eglinton Avenue West,299,5411523,92393034,Etobicoke,38014
43.6833759,-79.5199525,2,Eglinton Avenue West (889),a,Eglinton Avenue West,299,5411523,579922889,Etobicoke,38014
43.6833955,-79.5194662,2,Eglinton Avenue West (033),a,Eglinton Avenue West,299,5411523,92393033,Etobicoke,38014
43.683431,-79.5172536,2,Eglinton Avenue West (864),a,Eglinton Avenue West,299,5411523,579922864,Etobicoke,38014
