lat,lon,sz,names,len_cat,street,street_nodes,street_id,node_id,source_city,source_city_id
44.317503,-76.1841801,2,Stone's Creek Lane (489),a,Stone's Creek Lane,1,11393870,221448489,Gananoque,132393
44.3203488,-76.1771269,2,Windsor Lane (816),a,Windsor Lane,18,11393873,221448816,Gananoque,132393
44.3204211,-76.1771033,2,Windsor Lane (817),a,Windsor Lane,18,11393873,221448817,Gananoque,132393
44.3205935,-76.1769688,2,Windsor Lane (818),a,Windsor Lane,18,11393873,221448818,Gananoque,132393
44.320722,-76.1767331,2,Windsor Lane (819),a,Windsor Lane,18,11393873,221448819,Gananoque,132393
44.3208515,-76.1763971,2,Windsor Lane (820),a,Windsor Lane,18,11393873,221448820,Gananoque,132393
44.3209339,-76.1762608,2,Windsor Lane (821),a,Windsor Lane,18,11393873,221448821,Gananoque,132393
44.3211881,-76.1760527,2,Windsor Lane (822),a,Windsor Lane,18,11393873,221448822,Gananoque,132393
44.3212965,-76.1759487,2,Windsor Lane (292),a,Windsor Lane,18,11393873,362776292,Gananoque,132393
44.3218792,-76.1753893,2,Windsor Lane (823),a,Windsor Lane,18,11393873,221448823,Gananoque,132393
44.3220863,-76.1751389,2,Windsor Lane (293),a,Windsor Lane,18,11393873,362776293,Gananoque,132393
44.3221344,-76.1750808,2,Windsor Lane (824),a,Windsor Lane,18,11393873,221448824,Gananoque,132393
44.322285,-76.1747724,2,Windsor Lane (294),a,Windsor Lane,18,11393873,362776294,Gananoque,132393
44.3224195,-76.1744971,2,Windsor Lane (825),a,Windsor Lane,18,11393873,221448825,Gananoque,132393
44.3224429,-76.1744378,2,Windsor Lane (295),a,Windsor Lane,18,11393873,362776295,Gananoque,132393
44.3226599,-76.1738874,2,Windsor Lane (826),a,Windsor Lane,18,11393873,221448826,Gananoque,132393
44.322742,-76.1737762,2,Windsor Lane (827),a,Windsor Lane,18,11393873,221448827,Gananoque,132393
44.3228417,-76.1737154,2,Windsor Lane (828),a,Windsor Lane,18,11393873,221448828,Gananoque,132393
44.3230487,-76.1737196,2,Windsor Lane (829),a,Windsor Lane,18,11393873,221448829,Gananoque,132393
44.3230487,-76.1737196,2,Windsor Street (129),a,Windsor Street,5,11393878,221449129,Gananoque,132393
44.3230487,-76.1737196,2,Maple Street South (361),a,Maple Street South,6,11393883,221449361,Gananoque,132393
44.323116,-76.1730495,2,Windsor Street (296),a,Windsor Street,5,11393878,362776296,Gananoque,132393
44.3231208,-76.1730013,2,Windsor Street (128),a,Windsor Street,5,11393878,221449128,Gananoque,132393
44.3231208,-76.1730013,2,Windsor Street (130),a,Windsor Street,5,11393878,221449130,Gananoque,132393
44.3231208,-76.1730013,2,Osborne Street (612),a,Osborne Street,3,11393887,221449612,Gananoque,132393
44.3231263,-76.172304,2,Windsor Street (127),a,Windsor Street,5,11393878,221449127,Gananoque,132393
44.323333,-76.1626515,2,Water Street West (679),a,Water Street West,22,11393900,221450679,Gananoque,132393
44.323333,-76.1626515,2,Kate Street (467),a,Kate Street,6,11393918,221452467,Gananoque,132393
44.3233377,-76.1627053,2,Kate Street (469),a,Kate Street,6,11393918,221452469,Gananoque,132393
44.3233445,-76.172973,2,Osborne Street (613),a,Osborne Street,3,11393887,221449613,Gananoque,132393
44.3233541,-76.1625909,2,Water Street West (395),a,Water Street West,22,11393900,507085395,Gananoque,132393
44.3233629,-76.183897,2,County Road 2 (759),a,County Road 2,5,11393919,221452759,Gananoque,132393
44.3233629,-76.183897,2,County Road 2 (760),a,County Road 2,5,11393919,221452760,Gananoque,132393
44.3233735,-76.1627765,2,Kate Street (470),a,Kate Street,6,11393918,221452470,Gananoque,132393
44.3233939,-76.1625326,2,Water Street West (678),a,Water Street West,22,11393900,221450678,Gananoque,132393
44.323611,-76.1671718,2,Bay Road (838),a,Bay Road,19,11393905,470338838,Gananoque,132393
44.3236358,-76.1673855,2,Bay Road (830),a,Bay Road,19,11393905,470338830,Gananoque,132393
44.3236511,-76.1667712,2,Bay Road (834),a,Bay Road,19,11393905,470338834,Gananoque,132393
44.3237127,-76.1633211,2,Kate Street (409),a,Kate Street,6,11393918,507085409,Gananoque,132393
44.3237299,-76.1633486,2,Kate Street (473),a,Kate Street,6,11393918,221452473,Gananoque,132393
44.3237455,-76.1663467,2,Bay Road (833),a,Bay Road,19,11393905,470338833,Gananoque,132393
44.3237533,-76.1829842,2,County Road 2 (414),a,County Road 2,5,11393919,318634414,Gananoque,132393
44.3237578,-76.1633747,2,St. Lawrence Street (896),a,St. Lawrence Street,12,11393874,221448896,Gananoque,132393
44.3237578,-76.1633747,2,Kate Street (475),a,Kate Street,6,11393918,221452475,Gananoque,132393
44.3237939,-76.1633629,2,St. Lawrence Street (897),a,St. Lawrence Street,12,11393874,221448897,Gananoque,132393
44.3238193,-76.1661726,2,Bay Road (831),a,Bay Road,19,11393905,470338831,Gananoque,132393
44.3238453,-76.1633008,2,St. Lawrence Street (898),a,St. Lawrence Street,12,11393874,221448898,Gananoque,132393
44.323907,-76.1760568,2,Hillside Drive (525),a,Hillside Drive,3,11393886,221449525,Gananoque,132393
44.3239123,-76.1619035,2,Water Street West (673),a,Water Street West,22,11393900,221450673,Gananoque,132393
44.3239123,-76.1619035,2,Water Street West (677),a,Water Street West,22,11393900,221450677,Gananoque,132393
44.3239123,-76.1619035,2,Market Street (939),a,Market Street,8,11393903,221450939,Gananoque,132393
44.3239326,-76.1761953,2,Hillside Drive (526),a,Hillside Drive,3,11393886,221449526,Gananoque,132393
44.3239326,-76.1761953,2,Ontario Street (181),a,Ontario Street,3,11393917,221452181,Gananoque,132393
44.3239927,-76.1659377,2,Bay Road (832),a,Bay Road,19,11393905,470338832,Gananoque,132393
44.3240396,-76.1617491,2,Water Street West (033),a,Water Street West,22,11393900,386144033,Gananoque,132393
44.3240399,-76.1762601,2,Ontario Street (182),a,Ontario Street,3,11393917,221452182,Gananoque,132393
44.3240998,-76.1739412,2,Maple Street South (357),a,Maple Street South,6,11393883,221449357,Gananoque,132393
44.3240998,-76.1739412,2,Maple Street South (362),a,Maple Street South,6,11393883,221449362,Gananoque,132393
44.3240998,-76.1739412,2,Hillside Drive (524),a,Hillside Drive,3,11393886,221449524,Gananoque,132393
44.3241259,-76.1616443,2,Water Street West (674),a,Water Street West,22,11393900,221450674,Gananoque,132393
44.324155,-76.1781938,2,Dempster Lane (453),a,Dempster Lane,11,11393885,221449453,Gananoque,132393
44.3241628,-76.1615995,2,Water Street West (034),a,Water Street West,22,11393900,386144034,Gananoque,132393
44.3241851,-76.1778934,2,Dempster Lane (454),a,Dempster Lane,11,11393885,221449454,Gananoque,132393
44.3241976,-76.1643826,2,Clarence Street (697),a,Clarence Street,10,11393901,221450697,Gananoque,132393
44.3242226,-76.1777562,2,Dempster Lane (455),a,Dempster Lane,11,11393885,221449455,Gananoque,132393
44.3242377,-76.1675103,2,Princess Street (829),a,Princess Street,4,11393902,221450829,Gananoque,132393
44.3242557,-76.1657548,2,Bay Road (088),a,Bay Road,19,11393905,221451088,Gananoque,132393
44.3243222,-76.1776955,2,Dempster Lane (456),a,Dempster Lane,11,11393885,221449456,Gananoque,132393
44.3243254,-76.1816466,2,County Road 2 (761),a,County Road 2,5,11393919,221452761,Gananoque,132393
44.3243323,-76.162712,2,St. Lawrence Street (899),a,St. Lawrence Street,12,11393874,221448899,Gananoque,132393
44.3243489,-76.1626922,2,St. Lawrence Street (394),a,St. Lawrence Street,12,11393874,507085394,Gananoque,132393
44.3243551,-76.1613661,2,Water Street West (675),a,Water Street West,22,11393900,221450675,Gananoque,132393
44.3243823,-76.1626521,2,St. Lawrence Street (893),a,St. Lawrence Street,12,11393874,221448893,Gananoque,132393
44.3243823,-76.1626521,2,St. Lawrence Street (901),a,St. Lawrence Street,12,11393874,221448901,Gananoque,132393
44.3243823,-76.1626521,2,Market Street (937),a,Market Street,8,11393903,221450937,Gananoque,132393
44.3243823,-76.1626521,2,Market Street (938),a,Market Street,8,11393903,221450938,Gananoque,132393
44.3244168,-76.1626111,2,St. Lawrence Street (894),a,St. Lawrence Street,12,11393874,221448894,Gananoque,132393
44.3244522,-76.1612483,2,Water Street West (008),a,Water Street West,22,11393900,572680008,Gananoque,132393
44.3244787,-76.1664024,2,Church Street (157),a,Church Street,3,11393906,221451157,Gananoque,132393
44.3245216,-76.161164,2,Water Street West (676),a,Water Street West,22,11393900,221450676,Gananoque,132393
44.3245216,-76.161164,2,Water Street West (682),a,Water Street West,22,11393900,221450682,Gananoque,132393
44.3245216,-76.161164,2,Main Street (018),a,Main Street,17,11393904,221451018,Gananoque,132393
44.3245557,-76.1777503,2,Dempster Lane (457),a,Dempster Lane,11,11393885,221449457,Gananoque,132393
44.3245559,-76.1654473,2,Bay Road (087),a,Bay Road,19,11393905,221451087,Gananoque,132393
44.3245888,-76.169273,2,Bay Road (835),a,Bay Road,19,11393905,470338835,Gananoque,132393
44.3245984,-76.1638619,2,Clarence Street (698),a,Clarence Street,10,11393901,221450698,Gananoque,132393
44.3245984,-76.1638619,2,Clarence Street (702),a,Clarence Street,10,11393901,221450702,Gananoque,132393
44.3245984,-76.1638619,2,Bay Road (081),a,Bay Road,19,11393905,221451081,Gananoque,132393
44.3246459,-76.1777396,2,Dempster Lane (458),a,Dempster Lane,11,11393885,221449458,Gananoque,132393
44.3246681,-76.1609823,2,Water Street West (683),a,Water Street West,22,11393900,221450683,Gananoque,132393
44.3246928,-76.1652618,2,Bay Road (086),a,Bay Road,19,11393905,221451086,Gananoque,132393
44.3247221,-76.1641588,2,Bay Road (082),a,Bay Road,19,11393905,221451082,Gananoque,132393
44.3247231,-76.1763616,2,Steel Street (418),a,Steel Street,2,11393884,221449418,Gananoque,132393
44.3247231,-76.1763616,2,Dempster Lane (463),a,Dempster Lane,11,11393885,221449463,Gananoque,132393
44.3247231,-76.1763616,2,Ontario Street (183),a,Ontario Street,3,11393917,221452183,Gananoque,132393
44.3247281,-76.1776284,2,Dempster Lane (459),a,Dempster Lane,11,11393885,221449459,Gananoque,132393
44.324758,-76.1650499,2,Bay Road (085),a,Bay Road,19,11393905,221451085,Gananoque,132393
44.3247651,-76.1643603,2,Bay Road (083),a,Bay Road,19,11393905,221451083,Gananoque,132393
44.3247756,-76.1615745,2,Main Street (037),a,Main Street,17,11393904,386144037,Gananoque,132393
44.3247813,-76.1645362,2,Bay Road (084),a,Bay Road,19,11393905,221451084,Gananoque,132393
44.3247901,-76.1608308,2,Water Street West (042),a,Water Street West,22,11393900,386144042,Gananoque,132393
44.3248133,-76.1616354,2,Main Street (038),a,Main Street,17,11393904,386144038,Gananoque,132393
44.3248399,-76.176389,2,Dempster Lane (462),a,Dempster Lane,11,11393885,221449462,Gananoque,132393
44.3248654,-76.1607375,2,Water Street West (043),a,Water Street West,22,11393900,386144043,Gananoque,132393
44.3248995,-76.1634831,2,Clarence Street (699),a,Clarence Street,10,11393901,221450699,Gananoque,132393
44.3248995,-76.1634831,2,Clarence Street (703),a,Clarence Street,10,11393901,221450703,Gananoque,132393
44.3248995,-76.1634831,2,Market Street (936),a,Market Street,8,11393903,221450936,Gananoque,132393
44.3248995,-76.1634831,2,Market Street (943),a,Market Street,8,11393903,221450943,Gananoque,132393
44.3249099,-76.1801734,2,King Street West (417),a,King Street West,44,11393914,318634417,Gananoque,132393
44.3249099,-76.1801734,2,County Road 2 (849),a,County Road 2,5,11393919,470338849,Gananoque,132393
44.3249237,-76.1620009,2,St. Lawrence Street (005),a,St. Lawrence Street,12,11393874,572680005,Gananoque,132393
44.3249286,-76.1765162,2,Dempster Lane (461),a,Dempster Lane,11,11393885,221449461,Gananoque,132393
44.3249535,-76.1767173,2,Dempster Lane (460),a,Dempster Lane,11,11393885,221449460,Gananoque,132393
44.3249536,-76.1740836,2,Maple Street South (358),a,Maple Street South,6,11393883,221449358,Gananoque,132393
44.3249536,-76.1740836,2,Maple Street South (359),a,Maple Street South,6,11393883,221449359,Gananoque,132393
44.3249536,-76.1740836,2,Steel Street (421),a,Steel Street,2,11393884,221449421,Gananoque,132393
44.32499,-76.161921,2,St. Lawrence Street (891),a,St. Lawrence Street,12,11393874,221448891,Gananoque,132393
44.32499,-76.161921,2,St. Lawrence Street (895),a,St. Lawrence Street,12,11393874,221448895,Gananoque,132393
44.32499,-76.161921,2,Main Street (016),a,Main Street,17,11393904,221451016,Gananoque,132393
44.32499,-76.161921,2,Main Street (019),a,Main Street,17,11393904,221451019,Gananoque,132393
44.325009,-76.1605592,2,Water Street West (684),a,Water Street West,22,11393900,221450684,Gananoque,132393
44.3250225,-76.1798896,2,King Street West (682),a,King Street West,44,11393914,408548682,Gananoque,132393
44.3250768,-76.1797527,2,King Street West (011),a,King Street West,44,11393914,572680011,Gananoque,132393
44.3250932,-76.1701359,2,Bay Road (829),a,Bay Road,19,11393905,470338829,Gananoque,132393
44.3250961,-76.1604073,2,Water Street West (680),a,Water Street West,22,11393900,221450680,Gananoque,132393
44.3250961,-76.1604073,2,Water Street West (685),a,Water Street West,22,11393900,221450685,Gananoque,132393
44.3250961,-76.1604073,2,Mill Street (399),a,Mill Street,17,11393907,507085399,Gananoque,132393
44.3251691,-76.1601907,2,Water Street West (039),a,Water Street West,22,11393900,386144039,Gananoque,132393
44.3251856,-76.1676057,2,Princess Street (230),a,Princess Street,4,11393902,401213230,Gananoque,132393
44.3252175,-76.1605434,2,Mill Street (400),a,Mill Street,17,11393907,507085400,Gananoque,132393
44.325225,-76.1600249,2,Water Street West (040),a,Water Street West,22,11393900,386144040,Gananoque,132393
44.3252342,-76.1702602,2,Bay Road (837),a,Bay Road,19,11393905,470338837,Gananoque,132393
44.3252379,-76.1793468,2,King Street West (683),a,King Street West,44,11393914,408548683,Gananoque,132393
44.3252496,-76.1664798,2,Church Street (158),a,Church Street,3,11393906,221451158,Gananoque,132393
44.3252716,-76.157192,2,Stone Street South (296),a,Stone Street South,20,11393867,221448296,Gananoque,132393
44.3252937,-76.1598208,2,Water Street West (041),a,Water Street West,22,11393900,386144041,Gananoque,132393
44.3252992,-76.1615477,2,St. Lawrence Street (892),a,St. Lawrence Street,12,11393874,221448892,Gananoque,132393
44.3253246,-76.1702947,2,Bay Road (686),a,Bay Road,19,11393905,408548686,Gananoque,132393
44.3253587,-76.1596281,2,Water Street West (681),a,Water Street West,22,11393900,221450681,Gananoque,132393
44.3253587,-76.1596281,2,Water Street (463),a,Water Street,2,11393910,221451463,Gananoque,132393
44.3253712,-76.1607957,2,Mill Street (402),a,Mill Street,17,11393907,507085402,Gananoque,132393
44.3254308,-76.1628185,2,Clarence Street (700),a,Clarence Street,10,11393901,221450700,Gananoque,132393
44.3254527,-76.1574164,2,South Street (773),a,South Street,13,11393863,221447773,Gananoque,132393
44.3254527,-76.1574164,2,Stone Street South (294),a,Stone Street South,20,11393867,221448294,Gananoque,132393
44.3254527,-76.1574164,2,Stone Street South (295),a,Stone Street South,20,11393867,221448295,Gananoque,132393
44.3254972,-76.1627355,2,Clarence Street (701),a,Clarence Street,10,11393901,221450701,Gananoque,132393
44.3254972,-76.1627355,2,Main Street (012),a,Main Street,17,11393904,221451012,Gananoque,132393
44.3254972,-76.1627355,2,Main Street (017),a,Main Street,17,11393904,221451017,Gananoque,132393
44.3255115,-76.1644378,2,Market Street (942),a,Market Street,8,11393903,221450942,Gananoque,132393
44.3255223,-76.1610391,2,Mill Street (401),a,Mill Street,17,11393907,507085401,Gananoque,132393
44.3255482,-76.1591551,2,Water Street East (269),a,Water Street East,4,11393909,221451269,Gananoque,132393
44.3255482,-76.1591551,2,Water Street (464),a,Water Street,2,11393910,221451464,Gananoque,132393
44.325566,-76.1626494,2,Clarence Street (398),a,Clarence Street,10,11393901,507085398,Gananoque,132393
44.3256107,-76.1784072,2,King Street West (418),a,King Street West,44,11393914,318634418,Gananoque,132393
44.3256518,-76.1782873,2,King Street West (419),a,King Street West,44,11393914,318634419,Gananoque,132393
44.3256665,-76.1646789,2,Market Street (941),a,Market Street,8,11393903,221450941,Gananoque,132393
44.3257017,-76.1780646,2,King Street West (420),a,King Street West,44,11393914,318634420,Gananoque,132393
44.3257085,-76.1703426,2,Bay Road (836),a,Bay Road,19,11393905,470338836,Gananoque,132393
44.3257304,-76.1586535,2,Water Street East (270),a,Water Street East,4,11393909,221451270,Gananoque,132393
44.3257438,-76.1778146,2,King Street West (421),a,King Street West,44,11393914,318634421,Gananoque,132393
44.3257482,-76.1734137,2,Osborne Street (614),a,Osborne Street,3,11393887,221449614,Gananoque,132393
44.3257482,-76.1734137,2,King Street West (781),a,King Street West,44,11393914,221451781,Gananoque,132393
44.325753,-76.1742099,2,Maple Street South (360),a,Maple Street South,6,11393883,221449360,Gananoque,132393
44.325753,-76.1742099,2,King Street West (780),a,King Street West,44,11393914,221451780,Gananoque,132393
44.3257613,-76.1775384,2,King Street West (422),a,King Street West,44,11393914,318634422,Gananoque,132393
44.3257615,-76.1726174,2,Birch Street (454),a,Birch Street,7,11393897,221450454,Gananoque,132393
44.3257615,-76.1726174,2,King Street West (783),a,King Street West,44,11393914,221451783,Gananoque,132393
44.3257623,-76.1758396,2,King Street West (298),a,King Street West,44,11393914,362776298,Gananoque,132393
44.3257649,-76.1759164,2,King Street West (779),a,King Street West,44,11393914,221451779,Gananoque,132393
44.3257649,-76.1759164,2,Garfield Street (842),a,Garfield Street,15,11393915,221451842,Gananoque,132393
44.3257706,-76.157804,2,Stone Street South (293),a,Stone Street South,20,11393867,221448293,Gananoque,132393
44.3257706,-76.157804,2,South Alley (367),a,South Alley,4,21924268,507085367,Gananoque,132393
44.3258356,-76.1714612,2,Elm Street (408),a,Elm Street,6,11393896,221450408,Gananoque,132393
44.3258356,-76.1714612,2,King Street West (785),a,King Street West,44,11393914,221451785,Gananoque,132393
44.3258815,-76.172636,2,Birch Street (644),a,Birch Street,7,11393897,408548644,Gananoque,132393
44.3258818,-76.1759281,2,Garfield Street (657),a,Garfield Street,15,11393915,408548657,Gananoque,132393
44.3259066,-76.1703704,2,Victoria Avenue (284),a,Victoria Avenue,14,11393894,221450284,Gananoque,132393
44.3259066,-76.1703704,2,King Street West (787),a,King Street West,44,11393914,221451787,Gananoque,132393
44.3259204,-76.1582659,2,Water Street East (271),a,Water Street East,4,11393909,221451271,Gananoque,132393
44.3259283,-76.1759327,2,Garfield Street (841),a,Garfield Street,15,11393915,221451841,Gananoque,132393
44.3259483,-76.1580196,2,Stone Street South (273),a,Stone Street South,20,11393867,401213273,Gananoque,132393
44.3259505,-76.1714834,2,Elm Street (637),a,Elm Street,6,11393896,408548637,Gananoque,132393
44.3259719,-76.1676848,2,Princess Street (412),a,Princess Street,4,11393902,318634412,Gananoque,132393
44.3259838,-76.1690027,2,King Street West (684),a,King Street West,44,11393914,408548684,Gananoque,132393
44.3259925,-76.1688482,2,King Street West (846),a,King Street West,44,11393914,470338846,Gananoque,132393
44.3260029,-76.1635332,2,Main Street (035),a,Main Street,17,11393904,386144035,Gananoque,132393
44.3260035,-76.1621022,2,Clarence Street (396),a,Clarence Street,10,11393901,507085396,Gananoque,132393
44.3260086,-76.1703845,2,Victoria Avenue (410),a,Victoria Avenue,14,11393894,318634410,Gananoque,132393
44.3260177,-76.1581038,2,Stone Street South (291),a,Stone Street South,20,11393867,221448291,Gananoque,132393
44.3260177,-76.1581038,2,Stone Street South (292),a,Stone Street South,20,11393867,221448292,Gananoque,132393
44.3260177,-76.1581038,2,Water Street East (272),a,Water Street East,4,11393909,221451272,Gananoque,132393
44.326027,-76.1682367,2,Hickory Street (519),a,Hickory Street,3,11393898,221450519,Gananoque,132393
44.326027,-76.1682367,2,King Street West (843),a,King Street West,44,11393914,470338843,Gananoque,132393
44.3260647,-76.1676941,2,Princess Street (830),a,Princess Street,4,11393902,221450830,Gananoque,132393
44.3260647,-76.1676941,2,King Street West (844),a,King Street West,44,11393914,470338844,Gananoque,132393
44.3260876,-76.1636647,2,Main Street (036),a,Main Street,17,11393904,386144036,Gananoque,132393
44.3260887,-76.1620297,2,Clarence Street (397),a,Clarence Street,10,11393901,507085397,Gananoque,132393
44.3260887,-76.1620297,2,Mill Street (207),a,Mill Street,17,11393907,221451207,Gananoque,132393
44.3260957,-76.158201,2,John Street (046),a,John Street,6,11393865,221448046,Gananoque,132393
44.3260957,-76.158201,2,Stone Street South (290),a,Stone Street South,20,11393867,221448290,Gananoque,132393
44.326114,-76.1682504,2,Hickory Street (411),a,Hickory Street,3,11393898,318634411,Gananoque,132393
44.3261177,-76.1670267,2,Centre Street (951),a,Centre Street,5,11393875,221448951,Gananoque,132393
44.3261177,-76.1670267,2,King Street West (845),a,King Street West,44,11393914,470338845,Gananoque,132393
44.3261466,-76.1665699,2,Church Street (159),a,Church Street,3,11393906,221451159,Gananoque,132393
44.3261466,-76.1665699,2,King Street West (685),a,King Street West,44,11393914,408548685,Gananoque,132393
44.3261544,-76.1664704,2,Tanner Street (691),a,Tanner Street,3,11393888,221449691,Gananoque,132393
44.3261544,-76.1664704,2,King Street West (842),a,King Street West,44,11393914,470338842,Gananoque,132393
44.326165,-76.1621556,2,Mill Street (209),a,Mill Street,17,11393907,221451209,Gananoque,132393
44.3261965,-76.1622387,2,Mill Street (336),a,Mill Street,17,11393907,307939336,Gananoque,132393
44.3262445,-76.1655782,2,Market Street (940),a,Market Street,8,11393903,221450940,Gananoque,132393
44.3262445,-76.1655782,2,King Street West (796),a,King Street West,44,11393914,221451796,Gananoque,132393
44.3262568,-76.1623981,2,Mill Street (232),a,Mill Street,17,11393907,401213232,Gananoque,132393
44.3262747,-76.1652964,2,King Street West (265),a,King Street West,44,11393914,401213265,Gananoque,132393
44.3262953,-76.1648097,2,King Street West (360),a,King Street West,44,11393914,401213360,Gananoque,132393
44.3263063,-76.1649612,2,King Street West (266),a,King Street West,44,11393914,401213266,Gananoque,132393
44.3263088,-76.1550723,2,Charles Street South (714),a,Charles Street South,15,11393862,221447714,Gananoque,132393
44.326313,-76.1648903,2,King Street West (267),a,King Street West,44,11393914,401213267,Gananoque,132393
44.326313,-76.1648903,2,King Street West (303),a,King Street West,44,11393914,401213303,Gananoque,132393
44.326313,-76.1648903,2,King Street West (359),a,King Street West,44,11393914,401213359,Gananoque,132393
44.3263144,-76.1647068,2,King Street West (295),a,King Street West,44,11393914,401213295,Gananoque,132393
44.3263144,-76.1647068,2,King Street West (361),a,King Street West,44,11393914,401213361,Gananoque,132393
44.3263464,-76.1759779,2,Garfield Street (839),a,Garfield Street,15,11393915,221451839,Gananoque,132393
44.3263493,-76.1648435,2,King Street West (847),a,King Street West,44,11393914,470338847,Gananoque,132393
44.3263643,-76.1641756,2,Main Street (325),a,Main Street,17,11393904,401213325,Gananoque,132393
44.3263684,-76.1645995,2,King Street West (296),a,King Street West,44,11393914,401213296,Gananoque,132393
44.3263702,-76.1641036,2,Main Street (014),a,Main Street,17,11393904,221451014,Gananoque,132393
44.3263702,-76.1641036,2,Mill Street (214),a,Mill Street,17,11393907,221451214,Gananoque,132393
44.3263868,-76.1647373,2,King Street West (302),a,King Street West,44,11393914,401213302,Gananoque,132393
44.3264168,-76.162821,2,Mill Street (233),a,Mill Street,17,11393907,401213233,Gananoque,132393
44.3264219,-76.1645496,2,King Street West (297),a,King Street West,44,11393914,401213297,Gananoque,132393
44.3264267,-76.1641406,2,Main Street (322),a,Main Street,17,11393904,401213322,Gananoque,132393
44.3264394,-76.1646554,2,King Street West (301),a,King Street West,44,11393914,401213301,Gananoque,132393
44.3264527,-76.1639996,2,Mill Street (647),a,Mill Street,17,11393907,408548647,Gananoque,132393
44.3264695,-76.1645223,2,Main Street (324),a,Main Street,17,11393904,401213324,Gananoque,132393
44.3264695,-76.1645223,2,King Street West (298),a,King Street West,44,11393914,401213298,Gananoque,132393
44.3264695,-76.1645223,2,King Street West (354),a,King Street West,44,11393914,401213354,Gananoque,132393
44.3264862,-76.1643299,2,Main Street (148),a,Main Street,17,11393904,423448148,Gananoque,132393
44.3265056,-76.1727324,2,Birch Street (455),a,Birch Street,7,11393897,221450455,Gananoque,132393
44.3265244,-76.1645981,2,King Street East (825),a,King Street East,105,11393866,470338825,Gananoque,132393
44.3265244,-76.1645981,2,Main Street (147),a,Main Street,17,11393904,423448147,Gananoque,132393
44.3265244,-76.1645981,2,Main Street (149),a,Main Street,17,11393904,423448149,Gananoque,132393
44.3265244,-76.1645981,2,King Street West (848),a,King Street West,44,11393914,470338848,Gananoque,132393
44.3265345,-76.1644852,2,Main Street (323),a,Main Street,17,11393904,401213323,Gananoque,132393
44.3265345,-76.1644852,2,King Street West (355),a,King Street West,44,11393914,401213355,Gananoque,132393
44.3265702,-76.1644648,2,King Street West (356),a,King Street West,44,11393914,401213356,Gananoque,132393
44.3265734,-76.1632349,2,Mill Street (234),a,Mill Street,17,11393907,401213234,Gananoque,132393
44.3265809,-76.1645615,2,King Street East (307),a,King Street East,105,11393866,401213307,Gananoque,132393
44.3266093,-76.1638023,2,Mill Street (646),a,Mill Street,17,11393907,408548646,Gananoque,132393
44.3266185,-76.1588612,2,Stone Street South (289),a,Stone Street South,20,11393867,221448289,Gananoque,132393
44.3266185,-76.1588612,2,Manse Alley (375),a,Manse Alley,4,21924270,507085375,Gananoque,132393
44.3266347,-76.1637702,2,Mill Street (213),a,Mill Street,17,11393907,221451213,Gananoque,132393
44.3266384,-76.1634066,2,Mill Street (210),a,Mill Street,17,11393907,221451210,Gananoque,132393
44.3266445,-76.1665304,2,Tanner Street (223),a,Tanner Street,3,11393888,401213223,Gananoque,132393
44.3266566,-76.1555079,2,Charles Street South (715),a,Charles Street South,15,11393862,221447715,Gananoque,132393
44.3266566,-76.1555079,2,South Street (771),a,South Street,13,11393863,221447771,Gananoque,132393
44.3266566,-76.1555079,2,South Street (772),a,South Street,13,11393863,221447772,Gananoque,132393
44.3266946,-76.1636959,2,Mill Street (212),a,Mill Street,17,11393907,221451212,Gananoque,132393
44.3267008,-76.1645601,2,King Street East (306),a,King Street East,105,11393866,401213306,Gananoque,132393
44.3267045,-76.1644833,2,King Street West (357),a,King Street West,44,11393914,401213357,Gananoque,132393
44.3267055,-76.1635828,2,Mill Street (211),a,Mill Street,17,11393907,221451211,Gananoque,132393
44.3267452,-76.1645284,2,King Street East (239),a,King Street East,105,11393866,401213239,Gananoque,132393
44.3267452,-76.1645284,2,King Street East (305),a,King Street East,105,11393866,401213305,Gananoque,132393
44.3267452,-76.1645284,2,King Street West (358),a,King Street West,44,11393914,401213358,Gananoque,132393
44.3267717,-76.167109,2,Centre Street (953),a,Centre Street,5,11393875,221448953,Gananoque,132393
44.3268416,-76.1760091,2,Garfield Street (838),a,Garfield Street,15,11393915,221451838,Gananoque,132393
44.3268416,-76.1760091,2,Coachmen's Court (412),a,Coachmen's Court,2,21924276,507085412,Gananoque,132393
44.3268436,-76.1645299,2,King Street East (109),a,King Street East,105,11393866,221448109,Gananoque,132393
44.3268436,-76.1645299,2,King Street East (130),a,King Street East,105,11393866,221448130,Gananoque,132393
44.3268439,-76.1670854,2,Centre Street (955),a,Centre Street,5,11393875,221448955,Gananoque,132393
44.3268627,-76.1728034,2,Birch Street (297),a,Birch Street,7,11393897,362776297,Gananoque,132393
44.3268717,-76.1670107,2,Centre Street (957),a,Centre Street,5,11393875,221448957,Gananoque,132393
44.3268749,-76.1754217,2,Coachmen's Court (413),a,Coachmen's Court,2,21924276,507085413,Gananoque,132393
44.3269181,-76.166571,2,Centre Street (958),a,Centre Street,5,11393875,221448958,Gananoque,132393
44.3269181,-76.166571,2,Tanner Street (693),a,Tanner Street,3,11393888,221449693,Gananoque,132393
44.3269181,-76.166571,2,First Street (179),a,First Street,19,11393892,221450179,Gananoque,132393
44.3269393,-76.1760262,2,Garfield Street (837),a,Garfield Street,15,11393915,221451837,Gananoque,132393
44.3269535,-76.1592767,2,Arthur Street (429),a,Arthur Street,18,11393858,221447429,Gananoque,132393
44.3269535,-76.1592767,2,Stone Street South (288),a,Stone Street South,20,11393867,221448288,Gananoque,132393
44.3269724,-76.1559034,2,Charles Street South (716),a,Charles Street South,15,11393862,221447716,Gananoque,132393
44.3269724,-76.1559034,2,South Alley (366),a,South Alley,4,21924268,507085366,Gananoque,132393
44.3269724,-76.1559034,2,South Alley (368),a,South Alley,4,21924268,507085368,Gananoque,132393
44.3270486,-76.1760718,2,Garfield Street (836),a,Garfield Street,15,11393915,221451836,Gananoque,132393
44.3271811,-76.1761607,2,Garfield Street (835),a,Garfield Street,15,11393915,221451835,Gananoque,132393
44.3272656,-76.1666428,2,First Street (182),a,First Street,19,11393892,221450182,Gananoque,132393
44.3272739,-76.1596631,2,Stone Street South (287),a,Stone Street South,20,11393867,221448287,Gananoque,132393
44.3272739,-76.1596631,2,Ash Alley (381),a,Ash Alley,4,21924271,507085381,Gananoque,132393
44.3273059,-76.1563211,2,Charles Street South (717),a,Charles Street South,15,11393862,221447717,Gananoque,132393
44.3273059,-76.1563211,2,John Street (045),a,John Street,6,11393865,221448045,Gananoque,132393
44.3273059,-76.1563211,2,John Street (048),a,John Street,6,11393865,221448048,Gananoque,132393
44.3273256,-76.1645466,2,King Street East (105),a,King Street East,105,11393866,221448105,Gananoque,132393
44.3273256,-76.1645466,2,King Street East (110),a,King Street East,105,11393866,221448110,Gananoque,132393
44.3273416,-76.166686,2,First Street (643),a,First Street,19,11393892,408548643,Gananoque,132393
44.3273605,-76.1729025,2,First Street (173),a,First Street,19,11393892,221450173,Gananoque,132393
44.3273605,-76.1729025,2,Birch Street (452),a,Birch Street,7,11393897,221450452,Gananoque,132393
44.3273605,-76.1729025,2,Birch Street (456),a,Birch Street,7,11393897,221450456,Gananoque,132393
44.3274236,-76.1667457,2,First Street (184),a,First Street,19,11393892,221450184,Gananoque,132393
44.3274484,-76.1764234,2,Garfield Street (408),a,Garfield Street,15,11393915,507085408,Gananoque,132393
44.3274621,-76.1717758,2,First Street (174),a,First Street,19,11393892,221450174,Gananoque,132393
44.3274621,-76.1717758,2,First Street (175),a,First Street,19,11393892,221450175,Gananoque,132393
44.3274621,-76.1717758,2,Elm Street (409),a,Elm Street,6,11393896,221450409,Gananoque,132393
44.3274621,-76.1717758,2,Elm Street (410),a,Elm Street,6,11393896,221450410,Gananoque,132393
44.3274829,-76.164552,2,King Street East (106),a,King Street East,105,11393866,221448106,Gananoque,132393
44.3275642,-76.1705989,2,First Street (176),a,First Street,19,11393892,221450176,Gananoque,132393
44.3275642,-76.1705989,2,First Street (177),a,First Street,19,11393892,221450177,Gananoque,132393
44.3275642,-76.1705989,2,Victoria Avenue (285),a,Victoria Avenue,14,11393894,221450285,Gananoque,132393
44.3275642,-76.1705989,2,Victoria Avenue (286),a,Victoria Avenue,14,11393894,221450286,Gananoque,132393
44.3275993,-76.1789494,2,Garfield Street (831),a,Garfield Street,15,11393915,221451831,Gananoque,132393
44.3276086,-76.1791451,2,Garfield Street (830),a,Garfield Street,15,11393915,221451830,Gananoque,132393
44.3276136,-76.1600895,2,Wellington Street (615),a,Wellington Street,5,11393860,221447615,Gananoque,132393
44.3276136,-76.1600895,2,Stone Street South (286),a,Stone Street South,20,11393867,221448286,Gananoque,132393
44.3276283,-76.1669871,2,First Street (186),a,First Street,19,11393892,221450186,Gananoque,132393
44.3276494,-76.1645577,2,King Street East (107),a,King Street East,105,11393866,221448107,Gananoque,132393
44.3276752,-76.1694347,2,First Street (178),a,First Street,19,11393892,221450178,Gananoque,132393
44.3276752,-76.1694347,2,First Street (192),a,First Street,19,11393892,221450192,Gananoque,132393
44.3276752,-76.1694347,2,Oak Street (366),a,Oak Street,5,11393895,221450366,Gananoque,132393
44.3277567,-76.1685082,2,First Street (193),a,First Street,19,11393892,221450193,Gananoque,132393
44.3277567,-76.1685082,2,First Street (194),a,First Street,19,11393892,221450194,Gananoque,132393
44.3277567,-76.1685082,2,Hickory Street (522),a,Hickory Street,3,11393898,221450522,Gananoque,132393
44.327785,-76.1537192,2,South Street (363),a,South Street,13,11393863,507085363,Gananoque,132393
44.3277864,-76.1682454,2,River Street (368),a,River Street,9,11393868,221448368,Gananoque,132393
44.3277864,-76.1682454,2,First Street (191),a,First Street,19,11393892,221450191,Gananoque,132393
44.3277864,-76.1682454,2,First Street (195),a,First Street,19,11393892,221450195,Gananoque,132393
44.3278198,-76.1536742,2,South Street (364),a,South Street,13,11393863,507085364,Gananoque,132393
44.3278239,-76.1672177,2,First Street (188),a,First Street,19,11393892,221450188,Gananoque,132393
44.3278299,-76.1569774,2,Charles Street South (718),a,Charles Street South,15,11393862,221447718,Gananoque,132393
44.3278299,-76.1569774,2,Manse Alley (374),a,Manse Alley,4,21924270,507085374,Gananoque,132393
44.3278299,-76.1569774,2,Manse Alley (377),a,Manse Alley,4,21924270,507085377,Gananoque,132393
44.3278559,-76.1676071,2,First Street (190),a,First Street,19,11393892,221450190,Gananoque,132393
44.327858,-76.1674065,2,First Street (189),a,First Street,19,11393892,221450189,Gananoque,132393
44.3278622,-76.153646,2,William Street South (582),a,William Street South,18,11393859,221447582,Gananoque,132393
44.3278622,-76.153646,2,South Street (770),a,South Street,13,11393863,221447770,Gananoque,132393
44.3278622,-76.153646,2,South Street (774),a,South Street,13,11393863,221447774,Gananoque,132393
44.3279021,-76.1536654,2,William Street South (361),a,William Street South,18,11393859,507085361,Gananoque,132393
44.3279368,-76.1645692,2,King Street East (108),a,King Street East,105,11393866,221448108,Gananoque,132393
44.3279368,-76.1645692,2,King Street East (154),a,King Street East,105,11393866,221448154,Gananoque,132393
44.3279419,-76.1537042,2,William Street South (360),a,William Street South,18,11393859,507085360,Gananoque,132393
44.3279494,-76.1605112,2,Stone Street South (285),a,Stone Street South,20,11393867,221448285,Gananoque,132393
44.3279494,-76.1605112,2,Cedar Alley (371),a,Cedar Alley,4,21924269,507085371,Gananoque,132393
44.3279555,-76.1524834,2,South Street (780),a,South Street,13,11393863,221447780,Gananoque,132393
44.3279625,-76.1526842,2,South Street (779),a,South Street,13,11393863,221447779,Gananoque,132393
44.3279743,-76.1524085,2,South Street (781),a,South Street,13,11393863,221447781,Gananoque,132393
44.3280464,-76.1532878,2,South Street (775),a,South Street,13,11393863,221447775,Gananoque,132393
44.3280667,-76.1530625,2,South Street (777),a,South Street,13,11393863,221447777,Gananoque,132393
44.3280743,-76.1532006,2,South Street (776),a,South Street,13,11393863,221447776,Gananoque,132393
44.3280859,-76.1645685,2,Pine Street (650),a,Pine Street,16,11393861,221447650,Gananoque,132393
44.3280859,-76.1645685,2,King Street East (155),a,King Street East,105,11393866,221448155,Gananoque,132393
44.3280968,-76.177339,2,Garfield Street (832),a,Garfield Street,15,11393915,221451832,Gananoque,132393
44.3280985,-76.1770621,2,Garfield Street (834),a,Garfield Street,15,11393915,221451834,Gananoque,132393
44.3281042,-76.1643138,2,Pine Street (522),a,Pine Street,16,11393861,502829522,Gananoque,132393
44.3281259,-76.1771986,2,Garfield Street (833),a,Garfield Street,15,11393915,221451833,Gananoque,132393
44.3281262,-76.1771402,2,Garfield Street (407),a,Garfield Street,15,11393915,507085407,Gananoque,132393
44.3281355,-76.1636972,2,Pine Street (623),a,Pine Street,16,11393861,408548623,Gananoque,132393
44.3281413,-76.1635954,2,Pine Street (622),a,Pine Street,16,11393861,408548622,Gananoque,132393
44.3281442,-76.1645664,2,King Street East (156),a,King Street East,105,11393866,221448156,Gananoque,132393
44.3281442,-76.1645664,2,Park Street (084),a,Park Street,5,11393877,221449084,Gananoque,132393
44.3281535,-76.1633812,2,Pine Street (649),a,Pine Street,16,11393861,221447649,Gananoque,132393
44.32816,-76.157391,2,Arthur Street (428),a,Arthur Street,18,11393858,221447428,Gananoque,132393
44.32816,-76.157391,2,Arthur Street (432),a,Arthur Street,18,11393858,221447432,Gananoque,132393
44.32816,-76.157391,2,Charles Street South (720),a,Charles Street South,15,11393862,221447720,Gananoque,132393
44.3281784,-76.1539983,2,William Street South (583),a,William Street South,18,11393859,221447583,Gananoque,132393
44.3281784,-76.1539983,2,South Alley (369),a,South Alley,4,21924268,507085369,Gananoque,132393
44.3281996,-76.1629301,2,Pine Street (648),a,Pine Street,16,11393861,221447648,Gananoque,132393
44.3282571,-76.1608926,2,Sydenham Street (893),a,Sydenham Street,4,11393864,221447893,Gananoque,132393
44.3282571,-76.1608926,2,Stone Street South (284),a,Stone Street South,20,11393867,221448284,Gananoque,132393
44.3282699,-76.16277,2,Pine Street (647),a,Pine Street,16,11393861,221447647,Gananoque,132393
44.3282946,-76.1627256,2,Pine Street (646),a,Pine Street,16,11393861,221447646,Gananoque,132393
44.3282972,-76.164521,2,King Street East (157),a,King Street East,105,11393866,221448157,Gananoque,132393
44.328314,-76.1626962,2,Pine Street (267),a,Pine Street,16,11393861,482084267,Gananoque,132393
44.3283172,-76.160967,2,Stone Street South (218),a,Stone Street South,20,11393867,401213218,Gananoque,132393
44.328374,-76.1655768,2,Park Street (222),a,Park Street,5,11393877,401213222,Gananoque,132393
44.3283999,-76.1742653,2,Maple Street North (581),a,Maple Street North,6,11393872,221448581,Gananoque,132393
44.3284021,-76.1656871,2,Park Street (085),a,Park Street,5,11393877,221449085,Gananoque,132393
44.3284105,-76.1625497,2,Pine Street (268),a,Pine Street,16,11393861,482084268,Gananoque,132393
44.3284372,-76.1658016,2,Park Street (086),a,Park Street,5,11393877,221449086,Gananoque,132393
44.3284414,-76.1643591,2,King Street East (158),a,King Street East,105,11393866,221448158,Gananoque,132393
44.3284838,-76.1577964,2,Charles Street South (721),a,Charles Street South,15,11393862,221447721,Gananoque,132393
44.3284838,-76.1577964,2,Ash Alley (379),a,Ash Alley,4,21924271,507085379,Gananoque,132393
44.3284838,-76.1577964,2,Ash Alley (380),a,Ash Alley,4,21924271,507085380,Gananoque,132393
44.3284872,-76.1658888,2,Brock Street (650),a,Brock Street,23,11393840,221445650,Gananoque,132393
44.3284872,-76.1658888,2,Park Street (087),a,Park Street,5,11393877,221449087,Gananoque,132393
44.3284917,-76.1642775,2,King Street East (159),a,King Street East,105,11393866,221448159,Gananoque,132393
44.3285025,-76.1624099,2,Pine Street (266),a,Pine Street,16,11393861,482084266,Gananoque,132393
44.3285158,-76.1544181,2,William Street South (584),a,William Street South,18,11393859,221447584,Gananoque,132393
44.3285158,-76.1544181,2,John Street (047),a,John Street,6,11393865,221448047,Gananoque,132393
44.3285158,-76.1544181,2,John Street (049),a,John Street,6,11393865,221448049,Gananoque,132393
44.3285455,-76.1659366,2,Brock Street (677),a,Brock Street,23,11393840,408548677,Gananoque,132393
44.3286043,-76.1613277,2,Stone Street South (283),a,Stone Street South,20,11393867,221448283,Gananoque,132393
44.3286043,-76.1613277,2,Spruce Alley (385),a,Spruce Alley,4,21924272,507085385,Gananoque,132393
44.3286163,-76.1659631,2,Brock Street (651),a,Brock Street,23,11393840,221445651,Gananoque,132393
44.3287325,-76.1638911,2,King Street East (288),a,King Street East,105,11393866,401213288,Gananoque,132393
44.3288019,-76.1637774,2,King Street East (669),a,King Street East,105,11393866,408548669,Gananoque,132393
44.3288143,-76.1582026,2,Wellington Street (613),a,Wellington Street,5,11393860,221447613,Gananoque,132393
44.3288143,-76.1582026,2,Wellington Street (614),a,Wellington Street,5,11393860,221447614,Gananoque,132393
44.3288143,-76.1582026,2,Charles Street South (722),a,Charles Street South,15,11393862,221447722,Gananoque,132393
44.3289014,-76.1538132,2,John Street (365),a,John Street,6,11393865,507085365,Gananoque,132393
44.3289377,-76.1617362,2,Pine Street (645),a,Pine Street,16,11393861,221447645,Gananoque,132393
44.3289377,-76.1617362,2,Pine Street (652),a,Pine Street,16,11393861,221447652,Gananoque,132393
44.3289377,-76.1617362,2,Stone Street South (282),a,Stone Street South,20,11393867,221448282,Gananoque,132393
44.3289457,-76.163542,2,King Street East (670),a,King Street East,105,11393866,408548670,Gananoque,132393
44.3289737,-76.1634961,2,King Street East (160),a,King Street East,105,11393866,221448160,Gananoque,132393
44.3290106,-76.1634375,2,King Street East (161),a,King Street East,105,11393866,221448161,Gananoque,132393
44.3290106,-76.1634375,2,Cowan's Alley (392),a,Cowan's Alley,5,21924274,507085392,Gananoque,132393
44.3290486,-76.1550808,2,William Street South (585),a,William Street South,18,11393859,221447585,Gananoque,132393
44.3290486,-76.1550808,2,Manse Alley (376),a,Manse Alley,4,21924270,507085376,Gananoque,132393
44.3290594,-76.1684901,2,River Street (369),a,River Street,9,11393868,221448369,Gananoque,132393
44.3290594,-76.1684901,2,River Street (372),a,River Street,9,11393868,221448372,Gananoque,132393
44.3290647,-76.174404,2,Maple Street North (579),a,Maple Street North,6,11393872,221448579,Gananoque,132393
44.3290647,-76.174404,2,Maple Street North (582),a,Maple Street North,6,11393872,221448582,Gananoque,132393
44.3290647,-76.174404,2,Second Street (865),a,Second Street,13,11393889,221449865,Gananoque,132393
44.3290707,-76.1635155,2,Cowan's Alley (790),a,Cowan's Alley,5,21924274,556101790,Gananoque,132393
44.3290909,-76.1635417,2,Cowan's Alley (789),a,Cowan's Alley,5,21924274,556101789,Gananoque,132393
44.3291397,-76.173239,2,Second Street (861),a,Second Street,13,11393889,221449861,Gananoque,132393
44.3291397,-76.173239,2,Second Street (866),a,Second Street,13,11393889,221449866,Gananoque,132393
44.3291397,-76.173239,2,Birch Street (453),a,Birch Street,7,11393897,221450453,Gananoque,132393
44.3291531,-76.1586152,2,Charles Street South (723),a,Charles Street South,15,11393862,221447723,Gananoque,132393
44.3291531,-76.1586152,2,Cedar Alley (370),a,Cedar Alley,4,21924269,507085370,Gananoque,132393
44.3291531,-76.1586152,2,Cedar Alley (373),a,Cedar Alley,4,21924269,507085373,Gananoque,132393
44.3291852,-76.1720867,2,Elm Street (642),a,Elm Street,6,11393896,408548642,Gananoque,132393
44.3292297,-76.1660013,2,Brock Street (652),a,Brock Street,23,11393840,221445652,Gananoque,132393
44.3292478,-76.1621279,2,Stone Street South (281),a,Stone Street South,20,11393867,221448281,Gananoque,132393
44.3292478,-76.1621279,2,Oak Alley (389),a,Oak Alley,5,21924273,507085389,Gananoque,132393
44.3292594,-76.1721001,2,Second Street (862),a,Second Street,13,11393889,221449862,Gananoque,132393
44.3292594,-76.1721001,2,Second Street (863),a,Second Street,13,11393889,221449863,Gananoque,132393
44.3292594,-76.1721001,2,Elm Street (411),a,Elm Street,6,11393896,221450411,Gananoque,132393
44.3292662,-76.1696795,2,Oak Street (367),a,Oak Street,5,11393895,221450367,Gananoque,132393
44.3293134,-76.1685379,2,River Street (373),a,River Street,9,11393868,221448373,Gananoque,132393
44.3293134,-76.1685379,2,River Street (374),a,River Street,9,11393868,221448374,Gananoque,132393
44.3293191,-76.1638377,2,Coopers Alley (324),a,Coopers Alley,14,21924263,507085324,Gananoque,132393
44.3293191,-76.1638377,2,Cowan's Alley (391),a,Cowan's Alley,5,21924274,507085391,Gananoque,132393
44.3293219,-76.155575,2,Arthur Street (626),a,Arthur Street,18,11393858,408548626,Gananoque,132393
44.329348,-76.1710688,2,Second Street (638),a,Second Street,13,11393889,408548638,Gananoque,132393
44.3293616,-76.1709106,2,Second Street (864),a,Second Street,13,11393889,221449864,Gananoque,132393
44.3293616,-76.1709106,2,Second Street (871),a,Second Street,13,11393889,221449871,Gananoque,132393
44.3293616,-76.1709106,2,Victoria Avenue (288),a,Victoria Avenue,14,11393894,221450288,Gananoque,132393
44.3293616,-76.1709106,2,Victoria Avenue (296),a,Victoria Avenue,14,11393894,221450296,Gananoque,132393
44.3293747,-76.1707961,2,Second Street (663),a,Second Street,13,11393889,408548663,Gananoque,132393
44.3293768,-76.1554892,2,Arthur Street (431),a,Arthur Street,18,11393858,221447431,Gananoque,132393
44.3293768,-76.1554892,2,Arthur Street (433),a,Arthur Street,18,11393858,221447433,Gananoque,132393
44.3293768,-76.1554892,2,William Street South (586),a,William Street South,18,11393859,221447586,Gananoque,132393
44.3294204,-76.1618577,2,Oak Alley (388),a,Oak Alley,5,21924273,507085388,Gananoque,132393
44.3294204,-76.1618577,2,Oak Alley (390),a,Oak Alley,5,21924273,507085390,Gananoque,132393
44.3294274,-76.1697341,2,Second Street (867),a,Second Street,13,11393889,221449867,Gananoque,132393
44.3294274,-76.1697341,2,Oak Street (368),a,Oak Street,5,11393895,221450368,Gananoque,132393
44.3294314,-76.1703016,2,Second Street (870),a,Second Street,13,11393889,221449870,Gananoque,132393
44.3294336,-76.1554005,2,Arthur Street (629),a,Arthur Street,18,11393858,408548629,Gananoque,132393
44.3294534,-76.1698588,2,Second Street (868),a,Second Street,13,11393889,221449868,Gananoque,132393
44.3294605,-76.1700471,2,Second Street (869),a,Second Street,13,11393889,221449869,Gananoque,132393
44.3294714,-76.1589883,2,Charles Street South (724),a,Charles Street South,15,11393862,221447724,Gananoque,132393
44.3294714,-76.1589883,2,Sydenham Street (889),a,Sydenham Street,4,11393864,221447889,Gananoque,132393
44.3294714,-76.1589883,2,Sydenham Street (891),a,Sydenham Street,4,11393864,221447891,Gananoque,132393
44.3295016,-76.1645602,2,Adelaide Street (400),a,Adelaide Street,10,11393847,221446400,Gananoque,132393
44.3295097,-76.1646269,2,Adelaide Street (401),a,Adelaide Street,10,11393847,221446401,Gananoque,132393
44.3295133,-76.1644892,2,Adelaide Street (399),a,Adelaide Street,10,11393847,221446399,Gananoque,132393
44.3295344,-76.1624807,2,Stone Street South (627),a,Stone Street South,20,11393867,408548627,Gananoque,132393
44.3295413,-76.1646734,2,Adelaide Street (402),a,Adelaide Street,10,11393847,221446402,Gananoque,132393
44.329542,-76.1626032,2,King Street East (671),a,King Street East,105,11393866,408548671,Gananoque,132393
44.32955,-76.1616549,2,Oak Alley (387),a,Oak Alley,5,21924273,507085387,Gananoque,132393
44.3295824,-76.1625398,2,King Street East (162),a,King Street East,105,11393866,221448162,Gananoque,132393
44.3295824,-76.1625398,2,Stone Street South (280),a,Stone Street South,20,11393867,221448280,Gananoque,132393
44.3295824,-76.1625398,2,Stone Street North (734),a,Stone Street North,24,11393913,221451734,Gananoque,132393
44.3296381,-76.1624538,2,King Street East (672),a,King Street East,105,11393866,408548672,Gananoque,132393
44.329647,-76.1659964,2,Brock Street (653),a,Brock Street,23,11393840,221445653,Gananoque,132393
44.3296532,-76.1642712,2,Garden Street (425),a,Garden Street,15,11393839,221445425,Gananoque,132393
44.3296532,-76.1642712,2,Adelaide Street (398),a,Adelaide Street,10,11393847,221446398,Gananoque,132393
44.3296532,-76.1642712,2,Cowan's Alley (393),a,Cowan's Alley,5,21924274,507085393,Gananoque,132393
44.3296571,-76.162633,2,Stone Street North (668),a,Stone Street North,24,11393913,408548668,Gananoque,132393
44.3297104,-76.1659745,2,Brock Street (654),a,Brock Street,23,11393840,221445654,Gananoque,132393
44.3297141,-76.1559086,2,William Street South (587),a,William Street South,18,11393859,221447587,Gananoque,132393
44.3297141,-76.1559086,2,Ash Alley (378),a,Ash Alley,4,21924271,507085378,Gananoque,132393
44.3297636,-76.1659317,2,Brock Street (655),a,Brock Street,23,11393840,221445655,Gananoque,132393
44.3297828,-76.1548546,2,Arthur Street (359),a,Arthur Street,18,11393858,507085359,Gananoque,132393
44.3298187,-76.1649911,2,Adelaide Street (403),a,Adelaide Street,10,11393847,221446403,Gananoque,132393
44.3298187,-76.1649911,2,Garden Alley (333),a,Garden Alley,10,21924264,507085333,Gananoque,132393
44.3298279,-76.1658485,2,Brock Street (656),a,Brock Street,23,11393840,221445656,Gananoque,132393
44.3298327,-76.1630631,2,Coopers Alley (325),a,Coopers Alley,14,21924263,507085325,Gananoque,132393
44.3298352,-76.1594397,2,Charles Street South (725),a,Charles Street South,15,11393862,221447725,Gananoque,132393
44.3298352,-76.1594397,2,Spruce Alley (383),a,Spruce Alley,4,21924272,507085383,Gananoque,132393
44.3298352,-76.1594397,2,Spruce Alley (384),a,Spruce Alley,4,21924272,507085384,Gananoque,132393
44.329896,-76.1629313,2,Stone Street North (733),a,Stone Street North,24,11393913,221451733,Gananoque,132393
44.329896,-76.1629313,2,Stone Street North (740),a,Stone Street North,24,11393913,221451740,Gananoque,132393
44.329896,-76.1629313,2,Coopers Alley (319),a,Coopers Alley,14,21924263,507085319,Gananoque,132393
44.329896,-76.1629313,2,Coopers Alley (323),a,Coopers Alley,14,21924263,507085323,Gananoque,132393
44.3298995,-76.1561392,2,Elizabeth Drive (839),a,Elizabeth Drive,15,11393853,221446839,Gananoque,132393
44.3298995,-76.1561392,2,William Street South (574),a,William Street South,18,11393859,221447574,Gananoque,132393
44.3298995,-76.1561392,2,William Street South (588),a,William Street South,18,11393859,221447588,Gananoque,132393
44.3299759,-76.156343,2,Wellington Street (619),a,Wellington Street,5,11393860,408548619,Gananoque,132393
44.330014,-76.1562817,2,William Street South (575),a,William Street South,18,11393859,221447575,Gananoque,132393
44.330014,-76.1562817,2,Wellington Street (612),a,Wellington Street,5,11393860,221447612,Gananoque,132393
44.3301368,-76.1653644,2,Brock Street (644),a,Brock Street,23,11393840,221445644,Gananoque,132393
44.3301368,-76.1653644,2,Brock Street (657),a,Brock Street,23,11393840,221445657,Gananoque,132393
44.3301368,-76.1653644,2,Adelaide Street (395),a,Adelaide Street,10,11393847,221446395,Gananoque,132393
44.3301368,-76.1653644,2,Adelaide Street (404),a,Adelaide Street,10,11393847,221446404,Gananoque,132393
44.330139,-76.1616809,2,King Street East (163),a,King Street East,105,11393866,221448163,Gananoque,132393
44.3301553,-76.159837,2,Pine Street (644),a,Pine Street,16,11393861,221447644,Gananoque,132393
44.3301553,-76.159837,2,Pine Street (651),a,Pine Street,16,11393861,221447651,Gananoque,132393
44.3301553,-76.159837,2,Charles Street South (726),a,Charles Street South,15,11393862,221447726,Gananoque,132393
44.3302424,-76.1633721,2,Garden Street (424),a,Garden Street,15,11393839,221445424,Gananoque,132393
44.3302424,-76.1633721,2,Garden Street (431),a,Garden Street,15,11393839,221445431,Gananoque,132393
44.3302424,-76.1633721,2,Stone Street North (739),a,Stone Street North,24,11393913,221451739,Gananoque,132393
44.3302702,-76.1541718,2,Arthur Street (434),a,Arthur Street,18,11393858,221447434,Gananoque,132393
44.3303604,-76.1567125,2,William Street South (576),a,William Street South,18,11393859,221447576,Gananoque,132393
44.3303604,-76.1567125,2,Cedar Alley (372),a,Cedar Alley,4,21924269,507085372,Gananoque,132393
44.3303662,-76.1622332,2,Coopers Alley (321),a,Coopers Alley,14,21924263,507085321,Gananoque,132393
44.3304655,-76.1602218,2,Charles Street South (727),a,Charles Street South,15,11393862,221447727,Gananoque,132393
44.3304655,-76.1602218,2,Oak Alley (386),a,Oak Alley,5,21924273,507085386,Gananoque,132393
44.3304667,-76.1620841,2,Coopers Alley (320),a,Coopers Alley,14,21924263,507085320,Gananoque,132393
44.3304783,-76.162066,2,Coopers Alley (322),a,Coopers Alley,14,21924263,507085322,Gananoque,132393
44.3304821,-76.1630061,2,Garden Street (594),a,Garden Street,15,11393839,408548594,Gananoque,132393
44.3304856,-76.1657788,2,Adelaide Street (396),a,Adelaide Street,10,11393847,221446396,Gananoque,132393
44.3304856,-76.1657788,2,North Alley (342),a,North Alley,8,21924265,507085342,Gananoque,132393
44.3305177,-76.1637194,2,Stone Street North (678),a,Stone Street North,24,11393913,408548678,Gananoque,132393
44.3305803,-76.163799,2,Stone Street North (738),a,Stone Street North,24,11393913,221451738,Gananoque,132393
44.3305803,-76.163799,2,Garden Alley (332),a,Garden Alley,10,21924264,507085332,Gananoque,132393
44.3305803,-76.163799,2,Garden Alley (336),a,Garden Alley,10,21924264,507085336,Gananoque,132393
44.3306347,-76.1687911,2,River Street (375),a,River Street,9,11393868,221448375,Gananoque,132393
44.3306347,-76.1687911,2,MacHar Street (242),a,MacHar Street,10,11393908,221451242,Gananoque,132393
44.3306405,-76.1550044,2,Elizabeth Drive (215),a,Elizabeth Drive,15,11393853,401213215,Gananoque,132393
44.3306444,-76.168667,2,MacHar Street (236),a,MacHar Street,10,11393908,401213236,Gananoque,132393
44.3306698,-76.1570804,2,William Street South (577),a,William Street South,18,11393859,221447577,Gananoque,132393
44.3306698,-76.1570804,2,Sydenham Street (886),a,Sydenham Street,4,11393864,221447886,Gananoque,132393
44.3306965,-76.1626787,2,Garden Street (595),a,Garden Street,15,11393839,408548595,Gananoque,132393
44.3306983,-76.167974,2,MacHar Street (237),a,MacHar Street,10,11393908,401213237,Gananoque,132393
44.3307101,-76.1678213,2,MacHar Street (243),a,MacHar Street,10,11393908,221451243,Gananoque,132393
44.3307101,-76.1678213,2,MacHar Street (244),a,MacHar Street,10,11393908,221451244,Gananoque,132393
44.3307466,-76.1673526,2,MacHar Street (239),a,MacHar Street,10,11393908,221451239,Gananoque,132393
44.3307466,-76.1673526,2,MacHar Street (245),a,MacHar Street,10,11393908,221451245,Gananoque,132393
44.3307502,-76.160575,2,Charles Street South (269),a,Charles Street South,15,11393862,482084269,Gananoque,132393
44.3307664,-76.1607173,2,King Street East (271),a,King Street East,105,11393866,482084271,Gananoque,132393
44.3307684,-76.1670682,2,MacHar Street (240),a,MacHar Street,10,11393908,221451240,Gananoque,132393
44.330781,-76.1668697,2,MacHar Street (648),a,MacHar Street,10,11393908,408548648,Gananoque,132393
44.3307876,-76.1661537,2,North Street (031),a,North Street,22,11393843,221446031,Gananoque,132393
44.3307876,-76.1661537,2,Adelaide Street (397),a,Adelaide Street,10,11393847,221446397,Gananoque,132393
44.3307876,-76.1661537,2,MacHar Street (241),a,MacHar Street,10,11393908,221451241,Gananoque,132393
44.3308093,-76.1625066,2,Garden Street (596),a,Garden Street,15,11393839,408548596,Gananoque,132393
44.3308104,-76.1606497,2,Charles Street North (070),a,Charles Street North,32,11393844,221446070,Gananoque,132393
44.3308104,-76.1606497,2,Charles Street South (729),a,Charles Street South,15,11393862,221447729,Gananoque,132393
44.3308104,-76.1606497,2,King Street East (164),a,King Street East,105,11393866,221448164,Gananoque,132393
44.3308606,-76.1661077,2,North Street (030),a,North Street,22,11393843,221446030,Gananoque,132393
44.3308735,-76.1605507,2,King Street East (270),a,King Street East,105,11393866,482084270,Gananoque,132393
44.3308774,-76.1607341,2,Charles Street North (265),a,Charles Street North,32,11393844,482084265,Gananoque,132393
44.33089,-76.1641865,2,Brock Street (645),a,Brock Street,23,11393840,221445645,Gananoque,132393
44.33089,-76.1641865,2,Brock Street (646),a,Brock Street,23,11393840,221445646,Gananoque,132393
44.33089,-76.1641865,2,Stone Street North (737),a,Stone Street North,24,11393913,221451737,Gananoque,132393
44.3309016,-76.1660611,2,North Street (029),a,North Street,22,11393843,221446029,Gananoque,132393
44.330972,-76.1659514,2,North Street (028),a,North Street,22,11393843,221446028,Gananoque,132393
44.3310246,-76.1630938,2,Garden Alley (338),a,Garden Alley,10,21924264,507085338,Gananoque,132393
44.3310453,-76.1575466,2,William Street South (578),a,William Street South,18,11393859,221447578,Gananoque,132393
44.3310453,-76.1575466,2,Spruce Alley (382),a,Spruce Alley,4,21924272,507085382,Gananoque,132393
44.3310659,-76.1723994,2,Third Street (013),a,Third Street,9,11393890,221450013,Gananoque,132393
44.3310777,-76.1747577,2,Maple Street North (580),a,Maple Street North,6,11393872,221448580,Gananoque,132393
44.331123,-76.1629378,2,Garden Alley (339),a,Garden Alley,10,21924264,507085339,Gananoque,132393
44.3311285,-76.1610501,2,Charles Street North (073),a,Charles Street North,32,11393844,221446073,Gananoque,132393
44.3311285,-76.1610501,2,Coopers Alley (318),a,Coopers Alley,14,21924263,507085318,Gananoque,132393
44.3311285,-76.1610501,2,Coopers Alley (328),a,Coopers Alley,14,21924263,507085328,Gananoque,132393
44.3311608,-76.1712122,2,Third Street (015),a,Third Street,9,11393890,221450015,Gananoque,132393
44.3311608,-76.1712122,2,Third Street (016),a,Third Street,9,11393890,221450016,Gananoque,132393
44.3311608,-76.1712122,2,Victoria Avenue (293),a,Victoria Avenue,14,11393894,221450293,Gananoque,132393
44.3311608,-76.1712122,2,Victoria Avenue (298),a,Victoria Avenue,14,11393894,221450298,Gananoque,132393
44.3311783,-76.1600721,2,King Street East (673),a,King Street East,105,11393866,408548673,Gananoque,132393
44.3311944,-76.1708996,2,Third Street (017),a,Third Street,9,11393890,221450017,Gananoque,132393
44.3311944,-76.1708996,2,Third Street (021),a,Third Street,9,11393890,221450021,Gananoque,132393
44.3312363,-76.1646237,2,Stone Street North (736),a,Stone Street North,24,11393913,221451736,Gananoque,132393
44.3312363,-76.1646237,2,North Alley (343),a,North Alley,8,21924265,507085343,Gananoque,132393
44.3312363,-76.1646237,2,North Alley (345),a,North Alley,8,21924265,507085345,Gananoque,132393
44.3312498,-76.1578099,2,William Street South (216),a,William Street South,18,11393859,401213216,Gananoque,132393
44.3312971,-76.170046,2,Third Street (018),a,Third Street,9,11393890,221450018,Gananoque,132393
44.3312971,-76.170046,2,Third Street (022),a,Third Street,9,11393890,221450022,Gananoque,132393
44.3312971,-76.170046,2,Oak Street (364),a,Oak Street,5,11393895,221450364,Gananoque,132393
44.3312997,-76.169968,2,Third Street (019),a,Third Street,9,11393890,221450019,Gananoque,132393
44.3313624,-76.157954,2,William Street South (217),a,William Street South,18,11393859,401213217,Gananoque,132393
44.3313624,-76.157954,2,Pine Street (362),a,Pine Street,16,11393861,507085362,Gananoque,132393
44.3313807,-76.1689188,2,River Street (143),a,River Street,9,11393868,423448143,Gananoque,132393
44.3313807,-76.1689188,2,Third Street (020),a,Third Street,9,11393890,221450020,Gananoque,132393
44.331394,-76.1538509,2,Elizabeth Drive (838),a,Elizabeth Drive,15,11393853,221446838,Gananoque,132393
44.3314165,-76.1615793,2,Garden Street (432),a,Garden Street,15,11393839,221445432,Gananoque,132393
44.3314522,-76.1596421,2,King Street East (289),a,King Street East,105,11393866,401213289,Gananoque,132393
44.3314763,-76.161488,2,Garden Street (428),a,Garden Street,15,11393839,221445428,Gananoque,132393
44.3314763,-76.161488,2,Garden Street (433),a,Garden Street,15,11393839,221445433,Gananoque,132393
44.3314763,-76.161488,2,Charles Street North (074),a,Charles Street North,32,11393844,221446074,Gananoque,132393
44.33149,-76.1537312,2,Elizabeth Drive (617),a,Elizabeth Drive,15,11393853,408548617,Gananoque,132393
44.3315288,-76.1614058,2,Garden Street (429),a,Garden Street,15,11393839,221445429,Gananoque,132393
44.3315605,-76.1650332,2,North Street (018),a,North Street,22,11393843,221446018,Gananoque,132393
44.3315605,-76.1650332,2,North Street (027),a,North Street,22,11393843,221446027,Gananoque,132393
44.3315605,-76.1650332,2,Stone Street North (735),a,Stone Street North,24,11393913,221451735,Gananoque,132393
44.331593,-76.1452923,2,King Street East (111),a,King Street East,105,11393866,221448111,Gananoque,132393
44.3315968,-76.1712853,2,Victoria Avenue (295),a,Victoria Avenue,14,11393894,221450295,Gananoque,132393
44.3315968,-76.1712853,2,Victoria Avenue (299),a,Victoria Avenue,14,11393894,221450299,Gananoque,132393
44.3315968,-76.1536569,2,Elizabeth Drive (837),a,Elizabeth Drive,15,11393853,221446837,Gananoque,132393
44.331619,-76.1453931,2,King Street East (112),a,King Street East,105,11393866,221448112,Gananoque,132393
44.3316707,-76.1583428,2,William Street South (580),a,William Street South,18,11393859,221447580,Gananoque,132393
44.3316815,-76.1454445,2,King Street East (113),a,King Street East,105,11393866,221448113,Gananoque,132393
44.3316978,-76.1536225,2,Elizabeth Drive (836),a,Elizabeth Drive,15,11393853,221446836,Gananoque,132393
44.331721,-76.1522561,2,Elmwood Drive (930),a,Elmwood Drive,9,11393854,221446930,Gananoque,132393
44.3317625,-76.1591549,2,King Street East (290),a,King Street East,105,11393866,401213290,Gananoque,132393
44.3317887,-76.1618812,2,Charles Street North (075),a,Charles Street North,32,11393844,221446075,Gananoque,132393
44.3317887,-76.1618812,2,Garden Alley (334),a,Garden Alley,10,21924264,507085334,Gananoque,132393
44.3317887,-76.1618812,2,Garden Alley (337),a,Garden Alley,10,21924264,507085337,Gananoque,132393
44.3318578,-76.1645659,2,North Street (019),a,North Street,22,11393843,221446019,Gananoque,132393
44.3318578,-76.1645659,2,Havelock Alley (354),a,Havelock Alley,4,21924267,507085354,Gananoque,132393
44.3318701,-76.1834658,2,Beaver Road (535),a,Beaver Road,15,11393871,221448535,Gananoque,132393
44.3318765,-76.1713322,2,Victoria Avenue (289),a,Victoria Avenue,14,11393894,221450289,Gananoque,132393
44.3318765,-76.1713322,2,Victoria Avenue (300),a,Victoria Avenue,14,11393894,221450300,Gananoque,132393
44.3319365,-76.183141,2,Beaver Road (536),a,Beaver Road,15,11393871,221448536,Gananoque,132393
44.3319804,-76.1541245,2,Churchill Drive (020),a,Churchill Drive,7,11393855,221447020,Gananoque,132393
44.3319912,-76.1535946,2,Elizabeth Drive (835),a,Elizabeth Drive,15,11393853,221446835,Gananoque,132393
44.3319912,-76.1535946,2,Elizabeth Drive (844),a,Elizabeth Drive,15,11393853,221446844,Gananoque,132393
44.3319912,-76.1535946,2,Churchill Drive (021),a,Churchill Drive,7,11393855,221447021,Gananoque,132393
44.3319912,-76.1535946,2,Churchill Drive (022),a,Churchill Drive,7,11393855,221447022,Gananoque,132393
44.3319964,-76.15252,2,Elmwood Drive (932),a,Elmwood Drive,9,11393854,221446932,Gananoque,132393
44.3319964,-76.15252,2,Elmwood Drive (934),a,Elmwood Drive,9,11393854,221446934,Gananoque,132393
44.3319964,-76.15252,2,Churchill Drive (023),a,Churchill Drive,7,11393855,221447023,Gananoque,132393
44.3320084,-76.1587688,2,William Street North (300),a,William Street North,14,11393846,221446300,Gananoque,132393
44.3320084,-76.1587688,2,William Street South (581),a,William Street South,18,11393859,221447581,Gananoque,132393
44.3320084,-76.1587688,2,King Street East (165),a,King Street East,105,11393866,221448165,Gananoque,132393
44.332009,-76.1542506,2,Churchill Drive (019),a,Churchill Drive,7,11393855,221447019,Gananoque,132393
44.3320539,-76.154333,2,Churchill Drive (018),a,Churchill Drive,7,11393855,221447018,Gananoque,132393
44.3320563,-76.1828674,2,Beaver Road (537),a,Beaver Road,15,11393871,221448537,Gananoque,132393
44.3320685,-76.1623525,2,Brock Street (580),a,Brock Street,23,11393840,408548580,Gananoque,132393
44.3321108,-76.1622866,2,Brock Street (642),a,Brock Street,23,11393840,221445642,Gananoque,132393
44.3321108,-76.1622866,2,Brock Street (647),a,Brock Street,23,11393840,221445647,Gananoque,132393
44.3321108,-76.1622866,2,Charles Street North (076),a,Charles Street North,32,11393844,221446076,Gananoque,132393
44.3321501,-76.1807621,2,Beaver Road (541),a,Beaver Road,15,11393871,221448541,Gananoque,132393
44.3321542,-76.1803734,2,Beaver Road (542),a,Beaver Road,15,11393871,221448542,Gananoque,132393
44.3321587,-76.1640898,2,Henrietta Street (821),a,Henrietta Street,2,11393842,221445821,Gananoque,132393
44.3321587,-76.1640898,2,North Street (020),a,North Street,22,11393843,221446020,Gananoque,132393
44.3321587,-76.1640898,2,North Street (021),a,North Street,22,11393843,221446021,Gananoque,132393
44.3321734,-76.1621903,2,Brock Street (571),a,Brock Street,23,11393840,408548571,Gananoque,132393
44.3321809,-76.1589849,2,William Street North (211),a,William Street North,14,11393846,401213211,Gananoque,132393
44.3322031,-76.182607,2,Beaver Road (538),a,Beaver Road,15,11393871,221448538,Gananoque,132393
44.3322047,-76.17982,2,Beaver Road (135),a,Beaver Road,15,11393871,406348135,Gananoque,132393
44.3322047,-76.17982,2,Beaver Road (141),a,Beaver Road,15,11393871,406348141,Gananoque,132393
44.3322218,-76.1796324,2,Beaver Road (140),a,Beaver Road,15,11393871,406348140,Gananoque,132393
44.3322218,-76.1796324,2,Beaver Road (142),a,Beaver Road,15,11393871,406348142,Gananoque,132393
44.3322302,-76.1584238,2,King Street East (291),a,King Street East,105,11393866,401213291,Gananoque,132393
44.3322633,-76.1820061,2,Beaver Road (540),a,Beaver Road,15,11393871,221448540,Gananoque,132393
44.3322691,-76.1823198,2,Beaver Road (539),a,Beaver Road,15,11393871,221448539,Gananoque,132393
44.3322998,-76.1749828,2,Maple Street North (577),a,Maple Street North,6,11393872,221448577,Gananoque,132393
44.3323412,-76.1591858,2,William Street North (301),a,William Street North,14,11393846,221446301,Gananoque,132393
44.3323412,-76.1591858,2,Coopers Alley (327),a,Coopers Alley,14,21924263,507085327,Gananoque,132393
44.3323412,-76.1591858,2,Coopers Alley (329),a,Coopers Alley,14,21924263,507085329,Gananoque,132393
44.3323471,-76.1782575,2,Beaver Road (826),a,Beaver Road,15,11393871,470338826,Gananoque,132393
44.3323953,-76.1779449,2,Beaver Road (827),a,Beaver Road,15,11393871,470338827,Gananoque,132393
44.3324337,-76.1626932,2,Charles Street North (077),a,Charles Street North,32,11393844,221446077,Gananoque,132393
44.3324337,-76.1626932,2,North Alley (344),a,North Alley,8,21924265,507085344,Gananoque,132393
44.3324337,-76.1626932,2,North Alley (348),a,North Alley,8,21924265,507085348,Gananoque,132393
44.3324456,-76.1636358,2,North Street (022),a,North Street,22,11393843,221446022,Gananoque,132393
44.3324456,-76.1636358,2,North Street (035),a,North Street,22,11393843,221446035,Gananoque,132393
44.3324456,-76.1636358,2,Jane Alley (353),a,Jane Alley,4,21924266,507085353,Gananoque,132393
44.3324679,-76.1451337,2,King Street East (114),a,King Street East,105,11393866,221448114,Gananoque,132393
44.3324836,-76.1580297,2,King Street East (292),a,King Street East,105,11393866,401213292,Gananoque,132393
44.3325158,-76.1561638,2,Pine Street East (358),a,Pine Street East,12,11393857,507085358,Gananoque,132393
44.3325691,-76.1501349,2,Arthur Street (907),a,Arthur Street,18,11393858,513345907,Gananoque,132393
44.3326323,-76.1500651,2,Arthur Street (906),a,Arthur Street,18,11393858,513345906,Gananoque,132393
44.3326323,-76.1500651,2,Arthur Street (908),a,Arthur Street,18,11393858,513345908,Gananoque,132393
44.3326837,-76.1595963,2,Garden Street (430),a,Garden Street,15,11393839,221445430,Gananoque,132393
44.3326837,-76.1595963,2,Garden Street (434),a,Garden Street,15,11393839,221445434,Gananoque,132393
44.3326837,-76.1595963,2,William Street North (294),a,William Street North,14,11393846,221446294,Gananoque,132393
44.3326837,-76.1595963,2,William Street North (302),a,William Street North,14,11393846,221446302,Gananoque,132393
44.3327129,-76.1449378,2,King Street East (115),a,King Street East,105,11393866,221448115,Gananoque,132393
44.3327224,-76.1750289,2,Maple Street North (578),a,Maple Street North,6,11393872,221448578,Gananoque,132393
44.3327224,-76.1750289,2,Fourth Street (144),a,Fourth Street,6,11393891,423448144,Gananoque,132393
44.3327224,-76.1750289,2,Crosby Road (229),a,Crosby Road,8,11393893,221450229,Gananoque,132393
44.3327305,-76.1631775,2,North Street (661),a,North Street,22,11393843,408548661,Gananoque,132393
44.3327691,-76.1631154,2,North Street (023),a,North Street,22,11393843,221446023,Gananoque,132393
44.3327691,-76.1631154,2,North Street (036),a,North Street,22,11393843,221446036,Gananoque,132393
44.3327691,-76.1631154,2,Charles Street North (078),a,Charles Street North,32,11393844,221446078,Gananoque,132393
44.3327806,-76.1557443,2,James Street South (186),a,James Street South,3,11393856,221447186,Gananoque,132393
44.3327806,-76.1557443,2,Pine Street East (317),a,Pine Street East,12,11393857,221447317,Gananoque,132393
44.3327806,-76.1557443,2,Pine Street East (328),a,Pine Street East,12,11393857,221447328,Gananoque,132393
44.3328404,-76.1630051,2,North Street (581),a,North Street,22,11393843,408548581,Gananoque,132393
44.3328485,-76.1448902,2,King Street East (116),a,King Street East,105,11393866,221448116,Gananoque,132393
44.3329204,-76.1724274,2,Fourth Street (146),a,Fourth Street,6,11393891,423448146,Gananoque,132393
44.3329412,-76.1715107,2,Victoria Avenue (290),a,Victoria Avenue,14,11393894,221450290,Gananoque,132393
44.3329671,-76.1719044,2,Fourth Street (636),a,Fourth Street,6,11393891,408548636,Gananoque,132393
44.3329683,-76.155447,2,Churchill Drive (017),a,Churchill Drive,7,11393855,221447017,Gananoque,132393
44.3329683,-76.155447,2,Pine Street East (315),a,Pine Street East,12,11393857,221447315,Gananoque,132393
44.3329683,-76.155447,2,Pine Street East (318),a,Pine Street East,12,11393857,221447318,Gananoque,132393
44.3329973,-76.1490481,2,Arthur Street (905),a,Arthur Street,18,11393858,513345905,Gananoque,132393
44.3330013,-76.1715208,2,Fourth Street (125),a,Fourth Street,6,11393891,221450125,Gananoque,132393
44.3330013,-76.1715208,2,Victoria Avenue (291),a,Victoria Avenue,14,11393894,221450291,Gananoque,132393
44.3330051,-76.1600067,2,William Street North (295),a,William Street North,14,11393846,221446295,Gananoque,132393
44.3330051,-76.1600067,2,Garden Alley (335),a,Garden Alley,10,21924264,507085335,Gananoque,132393
44.3330051,-76.1600067,2,Garden Alley (340),a,Garden Alley,10,21924264,507085340,Gananoque,132393
44.3330162,-76.1489838,2,Arthur Street (424),a,Arthur Street,18,11393858,221447424,Gananoque,132393
44.3330607,-76.16652,2,Stone Street North (405),a,Stone Street North,24,11393913,507085405,Gananoque,132393
44.333106,-76.1703946,2,Fourth Street (126),a,Fourth Street,6,11393891,221450126,Gananoque,132393
44.333106,-76.1703946,2,Oak Street (365),a,Oak Street,5,11393895,221450365,Gananoque,132393
44.3331151,-76.1635241,2,Charles Street North (079),a,Charles Street North,32,11393844,221446079,Gananoque,132393
44.3331151,-76.1635241,2,Troy Alley (411),a,Troy Alley,2,21924275,507085411,Gananoque,132393
44.3331199,-76.1570398,2,King Street East (166),a,King Street East,105,11393866,221448166,Gananoque,132393
44.3331235,-76.1751257,2,Beaver Road (828),a,Beaver Road,15,11393871,470338828,Gananoque,132393
44.3331235,-76.1751257,2,Crosby Road (223),a,Crosby Road,8,11393893,221450223,Gananoque,132393
44.3331235,-76.1751257,2,Crosby Road (230),a,Crosby Road,8,11393893,221450230,Gananoque,132393
44.3331589,-76.1562,2,James Street South (616),a,James Street South,3,11393856,408548616,Gananoque,132393
44.3331915,-76.1666496,2,Georgiana Street (188),a,Georgiana Street,13,11393845,221446188,Gananoque,132393
44.3331915,-76.1666496,2,Stone Street North (403),a,Stone Street North,24,11393913,507085403,Gananoque,132393
44.3332141,-76.1692312,2,River Street (364),a,River Street,9,11393868,221448364,Gananoque,132393
44.3332141,-76.1692312,2,Fourth Street (145),a,Fourth Street,6,11393891,423448145,Gananoque,132393
44.3332237,-76.1568822,2,James Street North (307),a,James Street North,19,11393838,221445307,Gananoque,132393
44.3332237,-76.1568822,2,King Street East (167),a,King Street East,105,11393866,221448167,Gananoque,132393
44.3332607,-76.155011,2,Pine Street East (316),a,Pine Street East,12,11393857,221447316,Gananoque,132393
44.3332607,-76.155011,2,Pine Street East (319),a,Pine Street East,12,11393857,221447319,Gananoque,132393
44.3332712,-76.1605002,2,Brock Street (572),a,Brock Street,23,11393840,408548572,Gananoque,132393
44.3333088,-76.1475659,2,Arthur Street (423),a,Arthur Street,18,11393858,221447423,Gananoque,132393
44.3333088,-76.1475659,2,Arthur Street (427),a,Arthur Street,18,11393858,221447427,Gananoque,132393
44.3333088,-76.1475659,2,Conner Drive (969),a,Conner Drive,6,11393916,221451969,Gananoque,132393
44.3333226,-76.1604211,2,Brock Street (643),a,Brock Street,23,11393840,221445643,Gananoque,132393
44.3333226,-76.1604211,2,Brock Street (648),a,Brock Street,23,11393840,221445648,Gananoque,132393
44.3333226,-76.1604211,2,William Street North (296),a,William Street North,14,11393846,221446296,Gananoque,132393
44.3333226,-76.1604211,2,William Street North (297),a,William Street North,14,11393846,221446297,Gananoque,132393
44.3333384,-76.1474274,2,Arthur Street (426),a,Arthur Street,18,11393858,221447426,Gananoque,132393
44.3333651,-76.1472917,2,Arthur Street (909),a,Arthur Street,18,11393858,513345909,Gananoque,132393
44.3333937,-76.1603109,2,Brock Street (592),a,Brock Street,23,11393840,408548592,Gananoque,132393
44.3334195,-76.1638838,2,Charles Street North (080),a,Charles Street North,32,11393844,221446080,Gananoque,132393
44.3334454,-76.1565453,2,James Street South (185),a,James Street South,3,11393856,221447185,Gananoque,132393
44.3334454,-76.1565453,2,King Street East (168),a,King Street East,105,11393866,221448168,Gananoque,132393
44.3334469,-76.1661574,2,Georgiana Street (189),a,Georgiana Street,13,11393845,221446189,Gananoque,132393
44.3334469,-76.1661574,2,Havelock Alley (355),a,Havelock Alley,4,21924267,507085355,Gananoque,132393
44.3334469,-76.1661574,2,Havelock Alley (357),a,Havelock Alley,4,21924267,507085357,Gananoque,132393
44.3334863,-76.1525509,2,MacDonald Drive (778),a,MacDonald Drive,15,11393852,221446778,Gananoque,132393
44.3334863,-76.1525509,2,Elmwood Drive (929),a,Elmwood Drive,9,11393854,221446929,Gananoque,132393
44.3334863,-76.1525509,2,Elmwood Drive (933),a,Elmwood Drive,9,11393854,221446933,Gananoque,132393
44.3334887,-76.1515323,2,MacDonald Drive (779),a,MacDonald Drive,15,11393852,221446779,Gananoque,132393
44.3334906,-76.1508067,2,MacDonald Drive (214),a,MacDonald Drive,15,11393852,401213214,Gananoque,132393
44.3334925,-76.1500666,2,MacDonald Drive (780),a,MacDonald Drive,15,11393852,221446780,Gananoque,132393
44.3334977,-76.1499734,2,MacDonald Drive (902),a,MacDonald Drive,15,11393852,513345902,Gananoque,132393
44.333513,-76.1498967,2,MacDonald Drive (781),a,MacDonald Drive,15,11393852,221446781,Gananoque,132393
44.3335389,-76.1563984,2,King Street East (674),a,King Street East,105,11393866,408548674,Gananoque,132393
44.3335763,-76.1536159,2,Elizabeth Drive (843),a,Elizabeth Drive,15,11393853,221446843,Gananoque,132393
44.3335767,-76.1573121,2,James Street North (308),a,James Street North,19,11393838,221445308,Gananoque,132393
44.3335767,-76.1573121,2,Coopers Alley (326),a,Coopers Alley,14,21924263,507085326,Gananoque,132393
44.3335767,-76.1573121,2,Coopers Alley (330),a,Coopers Alley,14,21924263,507085330,Gananoque,132393
44.3336104,-76.1640957,2,Charles Street North (081),a,Charles Street North,32,11393844,221446081,Gananoque,132393
44.3336407,-76.1562383,2,King Street East (675),a,King Street East,105,11393866,408548675,Gananoque,132393
44.3336449,-76.1608288,2,William Street North (298),a,William Street North,14,11393846,221446298,Gananoque,132393
44.3336449,-76.1608288,2,North Alley (347),a,North Alley,8,21924265,507085347,Gananoque,132393
44.3336449,-76.1608288,2,North Alley (349),a,North Alley,8,21924265,507085349,Gananoque,132393
44.3336575,-76.1693045,2,River Street (365),a,River Street,9,11393868,221448365,Gananoque,132393
44.3336709,-76.1494681,2,MacDonald Drive (782),a,MacDonald Drive,15,11393852,221446782,Gananoque,132393
44.3336709,-76.1494681,2,MacDonald Drive (783),a,MacDonald Drive,15,11393852,221446783,Gananoque,132393
44.3336709,-76.1494681,2,Wilmer Avenue (938),a,Wilmer Avenue,5,21451495,490245938,Gananoque,132393
44.3336812,-76.147718,2,Conner Drive (967),a,Conner Drive,6,11393916,221451967,Gananoque,132393
44.3336929,-76.1626031,2,Troy Alley (410),a,Troy Alley,2,21924275,507085410,Gananoque,132393
44.3336961,-76.1493782,2,MacDonald Drive (903),a,MacDonald Drive,15,11393852,513345903,Gananoque,132393
44.3336997,-76.16567,2,Henrietta Street (822),a,Henrietta Street,2,11393842,221445822,Gananoque,132393
44.3336997,-76.16567,2,Georgiana Street (190),a,Georgiana Street,13,11393845,221446190,Gananoque,132393
44.3336997,-76.16567,2,Georgiana Street (191),a,Georgiana Street,13,11393845,221446191,Gananoque,132393
44.3336997,-76.16567,2,Emma Street (505),a,Emma Street,14,11393848,221446505,Gananoque,132393
44.3337282,-76.1536395,2,Elizabeth Drive (842),a,Elizabeth Drive,15,11393853,221446842,Gananoque,132393
44.3337734,-76.1477447,2,Conner Drive (910),a,Conner Drive,6,11393916,513345910,Gananoque,132393
44.3338108,-76.1536806,2,Elizabeth Drive (651),a,Elizabeth Drive,15,11393853,408548651,Gananoque,132393
44.3338243,-76.1643036,2,Charles Street North (082),a,Charles Street North,32,11393844,221446082,Gananoque,132393
44.3338598,-76.1477605,2,Conner Drive (911),a,Conner Drive,6,11393916,513345911,Gananoque,132393
44.333874,-76.1485576,2,MacDonald Drive (784),a,MacDonald Drive,15,11393852,221446784,Gananoque,132393
44.333874,-76.1485576,2,MacDonald Drive (785),a,MacDonald Drive,15,11393852,221446785,Gananoque,132393
44.3338745,-76.1496129,2,Wilmer Avenue (939),a,Wilmer Avenue,5,21451495,490245939,Gananoque,132393
44.3338896,-76.1576986,2,James Street North (301),a,James Street North,19,11393838,221445301,Gananoque,132393
44.3338896,-76.1576986,2,James Street North (309),a,James Street North,19,11393838,221445309,Gananoque,132393
44.3338896,-76.1576986,2,Garden Street (426),a,Garden Street,15,11393839,221445426,Gananoque,132393
44.3338896,-76.1576986,2,Garden Street (435),a,Garden Street,15,11393839,221445435,Gananoque,132393
44.3338897,-76.1537468,2,Elizabeth Drive (841),a,Elizabeth Drive,15,11393853,221446841,Gananoque,132393
44.333925,-76.1557916,2,King Street East (169),a,King Street East,105,11393866,221448169,Gananoque,132393
44.3339387,-76.1482162,2,MacDonald Drive (904),a,MacDonald Drive,15,11393852,513345904,Gananoque,132393
44.3339406,-76.1478846,2,MacDonald Drive (787),a,MacDonald Drive,15,11393852,221446787,Gananoque,132393
44.3339425,-76.1477687,2,MacDonald Drive (788),a,MacDonald Drive,15,11393852,221446788,Gananoque,132393
44.3339425,-76.1477687,2,Conner Drive (965),a,Conner Drive,6,11393916,221451965,Gananoque,132393
44.3339439,-76.1481212,2,MacDonald Drive (786),a,MacDonald Drive,15,11393852,221446786,Gananoque,132393
44.333951,-76.1651681,2,Georgiana Street (192),a,Georgiana Street,13,11393845,221446192,Gananoque,132393
44.333951,-76.1651681,2,Jane Alley (351),a,Jane Alley,4,21924266,507085351,Gananoque,132393
44.333951,-76.1651681,2,Jane Alley (352),a,Jane Alley,4,21924266,507085352,Gananoque,132393
44.33398,-76.1612427,2,North Street (024),a,North Street,22,11393843,221446024,Gananoque,132393
44.33398,-76.1612427,2,North Street (025),a,North Street,22,11393843,221446025,Gananoque,132393
44.33398,-76.1612427,2,William Street North (299),a,William Street North,14,11393846,221446299,Gananoque,132393
44.33398,-76.1612427,2,William Street North (306),a,William Street North,14,11393846,221446306,Gananoque,132393
44.3340015,-76.1644402,2,Charles Street North (083),a,Charles Street North,32,11393844,221446083,Gananoque,132393
44.3340031,-76.1538717,2,Elizabeth Drive (834),a,Elizabeth Drive,15,11393853,221446834,Gananoque,132393
44.3340031,-76.1538717,2,Elizabeth Drive (840),a,Elizabeth Drive,15,11393853,221446840,Gananoque,132393
44.3340031,-76.1538717,2,Pine Street East (320),a,Pine Street East,12,11393857,221447320,Gananoque,132393
44.3340031,-76.1538717,2,Pine Street East (321),a,Pine Street East,12,11393857,221447321,Gananoque,132393
44.3340203,-76.1477704,2,Conner Drive (912),a,Conner Drive,6,11393916,513345912,Gananoque,132393
44.3340395,-76.1611514,2,North Street (600),a,North Street,22,11393843,408548600,Gananoque,132393
44.334042,-76.1754064,2,Crosby Road (224),a,Crosby Road,8,11393893,221450224,Gananoque,132393
44.3340734,-76.1496943,2,Wilmer Avenue (913),a,Wilmer Avenue,5,21451495,513345913,Gananoque,132393
44.3342102,-76.1581007,2,James Street North (302),a,James Street North,19,11393838,221445302,Gananoque,132393
44.3342102,-76.1581007,2,Garden Alley (341),a,Garden Alley,10,21924264,507085341,Gananoque,132393
44.3342284,-76.1645821,2,Charles Street North (084),a,Charles Street North,32,11393844,221446084,Gananoque,132393
44.3342284,-76.1645821,2,Georgiana Street (193),a,Georgiana Street,13,11393845,221446193,Gananoque,132393
44.3342284,-76.1645821,2,Georgiana Street (197),a,Georgiana Street,13,11393845,221446197,Gananoque,132393
44.3342529,-76.1448925,2,King Street East (117),a,King Street East,105,11393866,221448117,Gananoque,132393
44.3343318,-76.149711,2,Wilmer Avenue (940),a,Wilmer Avenue,5,21451495,490245940,Gananoque,132393
44.3343519,-76.1643371,2,Georgiana Street (198),a,Georgiana Street,13,11393845,221446198,Gananoque,132393
44.3344145,-76.1449333,2,King Street East (118),a,King Street East,105,11393866,221448118,Gananoque,132393
44.3344297,-76.167893,2,Stone Street North (404),a,Stone Street North,24,11393913,507085404,Gananoque,132393
44.3344359,-76.1525616,2,Elmwood Drive (928),a,Elmwood Drive,9,11393854,221446928,Gananoque,132393
44.334443,-76.1550003,2,Herbert Street (754),a,Herbert Street,12,11393841,221445754,Gananoque,132393
44.334443,-76.1550003,2,King Street East (170),a,King Street East,105,11393866,221448170,Gananoque,132393
44.3344874,-76.1530576,2,Pine Street East (322),a,Pine Street East,12,11393857,221447322,Gananoque,132393
44.3345075,-76.1525808,2,Elmwood Drive (927),a,Elmwood Drive,9,11393854,221446927,Gananoque,132393
44.3345466,-76.1585234,2,James Street North (303),a,James Street North,19,11393838,221445303,Gananoque,132393
44.3345466,-76.1585234,2,James Street North (304),a,James Street North,19,11393838,221445304,Gananoque,132393
44.3345466,-76.1585234,2,Brock Street (640),a,Brock Street,23,11393840,221445640,Gananoque,132393
44.3345466,-76.1585234,2,Brock Street (649),a,Brock Street,23,11393840,221445649,Gananoque,132393
44.3345576,-76.1450364,2,King Street East (119),a,King Street East,105,11393866,221448119,Gananoque,132393
44.3345783,-76.1528807,2,Pine Street East (323),a,Pine Street East,12,11393857,221447323,Gananoque,132393
44.3345788,-76.152629,2,Elmwood Drive (926),a,Elmwood Drive,9,11393854,221446926,Gananoque,132393
44.3346117,-76.1527607,2,Elmwood Drive (924),a,Elmwood Drive,9,11393854,221446924,Gananoque,132393
44.3346117,-76.1527607,2,Pine Street East (325),a,Pine Street East,12,11393857,221447325,Gananoque,132393
44.3346276,-76.1547146,2,King Street East (293),a,King Street East,105,11393866,401213293,Gananoque,132393
44.3346512,-76.1620586,2,William Street North (304),a,William Street North,14,11393846,221446304,Gananoque,132393
44.3346512,-76.1620586,2,William Street North (305),a,William Street North,14,11393846,221446305,Gananoque,132393
44.3346512,-76.1620586,2,Forsyth Street (701),a,Forsyth Street,2,11393850,221446701,Gananoque,132393
44.3346579,-76.1546677,2,Elizabeth Drive (833),a,Elizabeth Drive,15,11393853,221446833,Gananoque,132393
44.3346579,-76.1546677,2,King Street East (152),a,King Street East,105,11393866,221448152,Gananoque,132393
44.3346579,-76.1546677,2,King Street East (171),a,King Street East,105,11393866,221448171,Gananoque,132393
44.3347348,-76.1681678,2,Stone Street North (406),a,Stone Street North,24,11393913,507085406,Gananoque,132393
44.3347869,-76.1554269,2,Herbert Street (755),a,Herbert Street,12,11393841,221445755,Gananoque,132393
44.3347869,-76.1554269,2,Coopers Alley (331),a,Coopers Alley,14,21924263,507085331,Gananoque,132393
44.334803,-76.1682292,2,Stone Street North (136),a,Stone Street North,24,11393913,406348136,Gananoque,132393
44.3348332,-76.1453804,2,King Street East (120),a,King Street East,105,11393866,221448120,Gananoque,132393
44.3348512,-76.1674885,2,Havelock Alley (356),a,Havelock Alley,4,21924267,507085356,Gananoque,132393
44.3348759,-76.1757367,2,Crosby Road (225),a,Crosby Road,8,11393893,221450225,Gananoque,132393
44.3348824,-76.1589338,2,James Street North (305),a,James Street North,19,11393838,221445305,Gananoque,132393
44.3348824,-76.1589338,2,North Alley (346),a,North Alley,8,21924265,507085346,Gananoque,132393
44.3349016,-76.1542872,2,King Street East (275),a,King Street East,105,11393866,401213275,Gananoque,132393
44.33491,-76.1683256,2,Stone Street North (726),a,Stone Street North,24,11393913,221451726,Gananoque,132393
44.3349454,-76.1653709,2,Emma Street (317),a,Emma Street,14,11393848,507085317,Gananoque,132393
44.3349894,-76.1633361,2,Georgiana Street (613),a,Georgiana Street,13,11393845,408548613,Gananoque,132393
44.3349941,-76.1454965,2,King Street East (121),a,King Street East,105,11393866,221448121,Gananoque,132393
44.3350064,-76.1557007,2,Herbert Street (212),a,Herbert Street,12,11393841,401213212,Gananoque,132393
44.3350102,-76.1541176,2,King Street East (276),a,King Street East,105,11393866,401213276,Gananoque,132393
44.3350459,-76.1674174,2,Emma Street (503),a,Emma Street,14,11393848,221446503,Gananoque,132393
44.3350653,-76.1757028,2,Crosby Road (226),a,Crosby Road,8,11393893,221450226,Gananoque,132393
44.335103,-76.1558211,2,Garden Street (427),a,Garden Street,15,11393839,221445427,Gananoque,132393
44.335103,-76.1558211,2,Herbert Street (752),a,Herbert Street,12,11393841,221445752,Gananoque,132393
44.335103,-76.1558211,2,Herbert Street (756),a,Herbert Street,12,11393841,221445756,Gananoque,132393
44.335103,-76.1558211,2,Talbot Place (505),a,Talbot Place,10,11393911,221451505,Gananoque,132393
44.3351481,-76.1539024,2,King Street East (277),a,King Street East,105,11393866,401213277,Gananoque,132393
44.3351614,-76.1655761,2,Emma Street (512),a,Emma Street,14,11393848,221446512,Gananoque,132393
44.3351614,-76.1655761,2,Emma Street (513),a,Emma Street,14,11393848,221446513,Gananoque,132393
44.3351614,-76.1655761,2,Emma Street (515),a,Emma Street,14,11393848,221446515,Gananoque,132393
44.335177,-76.1685071,2,Stone Street North (725),a,Stone Street North,24,11393913,221451725,Gananoque,132393
44.3351993,-76.1670883,2,Emma Street (504),a,Emma Street,14,11393848,221446504,Gananoque,132393
44.3351993,-76.1670883,2,Emma Street (506),a,Emma Street,14,11393848,221446506,Gananoque,132393
44.3351993,-76.1670883,2,Emma Street (507),a,Emma Street,14,11393848,221446507,Gananoque,132393
44.335202,-76.1755425,2,Crosby Road (227),a,Crosby Road,8,11393893,221450227,Gananoque,132393
44.335212,-76.1593503,2,James Street North (306),a,James Street North,19,11393838,221445306,Gananoque,132393
44.335212,-76.1593503,2,James Street North (311),a,James Street North,19,11393838,221445311,Gananoque,132393
44.335212,-76.1593503,2,North Street (026),a,North Street,22,11393843,221446026,Gananoque,132393
44.335212,-76.1593503,2,North Street (032),a,North Street,22,11393843,221446032,Gananoque,132393
44.3352186,-76.1537922,2,King Street East (278),a,King Street East,105,11393866,401213278,Gananoque,132393
44.3352881,-76.1628672,2,Georgiana Street (194),a,Georgiana Street,13,11393845,221446194,Gananoque,132393
44.3352881,-76.1628672,2,Georgiana Street (199),a,Georgiana Street,13,11393845,221446199,Gananoque,132393
44.3352881,-76.1628672,2,William Street North (303),a,William Street North,14,11393846,221446303,Gananoque,132393
44.3353179,-76.149711,2,Wilmer Avenue (941),a,Wilmer Avenue,5,21451495,490245941,Gananoque,132393
44.3353325,-76.1595013,2,James Street North (276),a,James Street North,19,11393838,296331276,Gananoque,132393
44.3353488,-76.153589,2,King Street East (279),a,King Street East,105,11393866,401213279,Gananoque,132393
44.335375,-76.1750522,2,Crosby Road (228),a,Crosby Road,8,11393893,221450228,Gananoque,132393
44.335375,-76.1750522,2,Nalon Road (576),a,Nalon Road,20,11393899,221450576,Gananoque,132393
44.3354267,-76.1596193,2,James Street North (275),a,James Street North,19,11393838,296331275,Gananoque,132393
44.3354441,-76.1649653,2,Charles Street North (085),a,Charles Street North,32,11393844,221446085,Gananoque,132393
44.3354441,-76.1649653,2,Emma Street (516),a,Emma Street,14,11393848,221446516,Gananoque,132393
44.3354481,-76.1665814,2,Emma Street (508),a,Emma Street,14,11393848,221446508,Gananoque,132393
44.3354481,-76.1665814,2,Jane Alley (350),a,Jane Alley,4,21924266,507085350,Gananoque,132393
44.3354628,-76.168689,2,Stone Street North (724),a,Stone Street North,24,11393913,221451724,Gananoque,132393
44.3354648,-76.1747206,2,Nalon Road (575),a,Nalon Road,20,11393899,221450575,Gananoque,132393
44.3354737,-76.1746784,2,Nalon Road (574),a,Nalon Road,20,11393899,221450574,Gananoque,132393
44.3355384,-76.1744625,2,Nalon Road (573),a,Nalon Road,20,11393899,221450573,Gananoque,132393
44.3355427,-76.1532862,2,King Street East (280),a,King Street East,105,11393866,401213280,Gananoque,132393
44.3355709,-76.1659648,2,Emma Street (511),a,Emma Street,14,11393848,221446511,Gananoque,132393
44.3356169,-76.1742607,2,Nalon Road (572),a,Nalon Road,20,11393899,221450572,Gananoque,132393
44.335629,-76.1660654,2,Emma Street (510),a,Emma Street,14,11393848,221446510,Gananoque,132393
44.3356385,-76.1661567,2,Emma Street (509),a,Emma Street,14,11393848,221446509,Gananoque,132393
44.3356474,-76.1741912,2,Nalon Road (571),a,Nalon Road,20,11393899,221450571,Gananoque,132393
44.3356563,-76.1599071,2,James Street North (274),a,James Street North,19,11393838,296331274,Gananoque,132393
44.3356721,-76.174164,2,Nalon Road (570),a,Nalon Road,20,11393899,221450570,Gananoque,132393
44.3357047,-76.1741487,2,Nalon Road (569),a,Nalon Road,20,11393899,221450569,Gananoque,132393
44.335719,-76.1530109,2,King Street East (281),a,King Street East,105,11393866,401213281,Gananoque,132393
44.3357375,-76.1741515,2,Nalon Road (568),a,Nalon Road,20,11393899,221450568,Gananoque,132393
44.3357524,-76.1566217,2,Brock Street (641),a,Brock Street,23,11393840,221445641,Gananoque,132393
44.3357524,-76.1566217,2,Herbert Street (753),a,Herbert Street,12,11393841,221445753,Gananoque,132393
44.3357524,-76.1566217,2,Herbert Street (757),a,Herbert Street,12,11393841,221445757,Gananoque,132393
44.3357626,-76.170047,2,Queen Street (307),a,Queen Street,9,11393881,221449307,Gananoque,132393
44.3357663,-76.1456996,2,King Street East (122),a,King Street East,105,11393866,221448122,Gananoque,132393
44.3357751,-76.1741588,2,Nalon Road (567),a,Nalon Road,20,11393899,221450567,Gananoque,132393
44.3357825,-76.1688061,2,Stone Street North (723),a,Stone Street North,24,11393913,221451723,Gananoque,132393
44.3357933,-76.1650754,2,Charles Street North (316),a,Charles Street North,32,11393844,507085316,Gananoque,132393
44.3358307,-76.1742092,2,Nalon Road (566),a,Nalon Road,20,11393899,221450566,Gananoque,132393
44.3358703,-76.1742506,2,Nalon Road (565),a,Nalon Road,20,11393899,221450565,Gananoque,132393
44.3358729,-76.1601784,2,James Street North (310),a,James Street North,19,11393838,221445310,Gananoque,132393
44.3358729,-76.1601784,2,James Street North (315),a,James Street North,19,11393838,221445315,Gananoque,132393
44.3358729,-76.1601784,2,Forsyth Street (702),a,Forsyth Street,2,11393850,221446702,Gananoque,132393
44.3359102,-76.145715,2,King Street East (123),a,King Street East,105,11393866,221448123,Gananoque,132393
44.3359721,-76.1526158,2,King Street East (153),a,King Street East,105,11393866,221448153,Gananoque,132393
44.3359721,-76.1526158,2,Wilson Drive (025),a,Wilson Drive,11,11393876,221449025,Gananoque,132393
44.3359745,-76.1743331,2,Nalon Road (564),a,Nalon Road,20,11393899,221450564,Gananoque,132393
44.3360278,-76.1580729,2,North Street (033),a,North Street,22,11393843,221446033,Gananoque,132393
44.3360326,-76.1525215,2,King Street East (788),a,King Street East,105,11393866,556101788,Gananoque,132393
44.3360349,-76.1526929,2,Wilson Drive (006),a,Wilson Drive,11,11393876,572680006,Gananoque,132393
44.3360455,-76.1456925,2,King Street East (124),a,King Street East,105,11393866,221448124,Gananoque,132393
44.3360498,-76.1543445,2,Talbot Place (506),a,Talbot Place,10,11393911,221451506,Gananoque,132393
44.3360702,-76.160425,2,James Street North (277),a,James Street North,19,11393838,296331277,Gananoque,132393
44.3360755,-76.1743956,2,Nalon Road (563),a,Nalon Road,20,11393899,221450563,Gananoque,132393
44.3360896,-76.1527601,2,Wilson Drive (024),a,Wilson Drive,11,11393876,221449024,Gananoque,132393
44.3361071,-76.1524054,2,King Street East (782),a,King Street East,105,11393866,556101782,Gananoque,132393
44.3361275,-76.1541782,2,Talbot Place (507),a,Talbot Place,10,11393911,221451507,Gananoque,132393
44.3361713,-76.1605515,2,James Street North (314),a,James Street North,19,11393838,221445314,Gananoque,132393
44.3361766,-76.1528186,2,Wilson Drive (023),a,Wilson Drive,11,11393876,221449023,Gananoque,132393
44.3361992,-76.1744782,2,Nalon Road (562),a,Nalon Road,20,11393899,221450562,Gananoque,132393
44.3362005,-76.1522599,2,King Street East (787),a,King Street East,105,11393866,556101787,Gananoque,132393
44.3362116,-76.1528298,2,Wilson Drive (007),a,Wilson Drive,11,11393876,572680007,Gananoque,132393
44.3362646,-76.1536968,2,Talbot Place (508),a,Talbot Place,10,11393911,221451508,Gananoque,132393
44.3362816,-76.1521336,2,King Street East (786),a,King Street East,105,11393866,556101786,Gananoque,132393
44.3362915,-76.1535436,2,Talbot Place (509),a,Talbot Place,10,11393911,221451509,Gananoque,132393
44.3363071,-76.1534542,2,Talbot Place (511),a,Talbot Place,10,11393911,221451511,Gananoque,132393
44.3363222,-76.1533682,2,Talbot Place (512),a,Talbot Place,10,11393911,221451512,Gananoque,132393
44.3363249,-76.1531713,2,Talbot Place (010),a,Talbot Place,10,11393911,572680010,Gananoque,132393
44.3363279,-76.1529522,2,Talbot Place (009),a,Talbot Place,10,11393911,572680009,Gananoque,132393
44.3363291,-76.1528675,2,Wilson Drive (019),a,Wilson Drive,11,11393876,221449019,Gananoque,132393
44.3363291,-76.1528675,2,Wilson Drive (022),a,Wilson Drive,11,11393876,221449022,Gananoque,132393
44.3363291,-76.1528675,2,Talbot Place (513),a,Talbot Place,10,11393911,221451513,Gananoque,132393
44.3363436,-76.1745514,2,Nalon Road (561),a,Nalon Road,20,11393899,221450561,Gananoque,132393
44.3363901,-76.1491035,2,Charmichael Drive (652),a,Charmichael Drive,5,11393912,221451652,Gananoque,132393
44.3363978,-76.145574,2,King Street East (125),a,King Street East,105,11393866,221448125,Gananoque,132393
44.3364208,-76.1574574,2,Herbert Street (758),a,Herbert Street,12,11393841,221445758,Gananoque,132393
44.3364208,-76.1574574,2,Herbert Street (759),a,Herbert Street,12,11393841,221445759,Gananoque,132393
44.3364208,-76.1574574,2,North Street (034),a,North Street,22,11393843,221446034,Gananoque,132393
44.3364497,-76.1608997,2,James Street North (313),a,James Street North,19,11393838,221445313,Gananoque,132393
44.336461,-76.174596,2,Nalon Road (560),a,Nalon Road,20,11393899,221450560,Gananoque,132393
44.3364638,-76.1610875,2,Georgiana Street (195),a,Georgiana Street,13,11393845,221446195,Gananoque,132393
44.3364856,-76.1609738,2,James Street North (312),a,James Street North,19,11393838,221445312,Gananoque,132393
44.3364856,-76.1609738,2,Georgiana Street (196),a,Georgiana Street,13,11393845,221446196,Gananoque,132393
44.3365157,-76.1492499,2,Charmichael Drive (080),a,Charmichael Drive,5,11393912,504247080,Gananoque,132393
44.3365545,-76.1492951,2,Charmichael Drive (079),a,Charmichael Drive,5,11393912,504247079,Gananoque,132393
44.3365605,-76.1516989,2,King Street East (783),a,King Street East,105,11393866,556101783,Gananoque,132393
44.3365707,-76.1702512,2,Ann Street (280),a,Ann Street,3,11393880,221449280,Gananoque,132393
44.3365707,-76.1702512,2,Queen Street (305),a,Queen Street,9,11393881,221449305,Gananoque,132393
44.3365707,-76.1702512,2,Queen Street (308),a,Queen Street,9,11393881,221449308,Gananoque,132393
44.3365825,-76.1701521,2,Ann Street (925),a,Ann Street,3,11393880,353132925,Gananoque,132393
44.336587,-76.1455526,2,King Street East (126),a,King Street East,105,11393866,221448126,Gananoque,132393
44.3366679,-76.1528945,2,Wilson Drive (219),a,Wilson Drive,11,11393876,401213219,Gananoque,132393
44.3366837,-76.1746691,2,Nalon Road (559),a,Nalon Road,20,11393899,221450559,Gananoque,132393
44.3366868,-76.1515021,2,King Street East (784),a,King Street East,105,11393866,556101784,Gananoque,132393
44.3367104,-76.1690789,2,Ann Street (284),a,Ann Street,3,11393880,221449284,Gananoque,132393
44.3367104,-76.1690789,2,Stone Street North (722),a,Stone Street North,24,11393913,221451722,Gananoque,132393
44.3368063,-76.1746952,2,Nalon Road (558),a,Nalon Road,20,11393899,221450558,Gananoque,132393
44.3368507,-76.1512468,2,King Street East (785),a,King Street East,105,11393866,556101785,Gananoque,132393
44.3368939,-76.1511795,2,King Street East (780),a,King Street East,105,11393866,556101780,Gananoque,132393
44.3369261,-76.1580933,2,Herbert Street (760),a,Herbert Street,12,11393841,221445760,Gananoque,132393
44.3369304,-76.1497333,2,Charmichael Drive (653),a,Charmichael Drive,5,11393912,221451653,Gananoque,132393
44.3369761,-76.152899,2,Wilson Drive (020),a,Wilson Drive,11,11393876,221449020,Gananoque,132393
44.3369905,-76.1747274,2,Nalon Road (552),a,Nalon Road,20,11393899,221450552,Gananoque,132393
44.3371231,-76.1508184,2,King Street East (781),a,King Street East,105,11393866,556101781,Gananoque,132393
44.3372618,-76.1456033,2,King Street East (127),a,King Street East,105,11393866,221448127,Gananoque,132393
44.3373771,-76.165653,2,Charles Street North (086),a,Charles Street North,32,11393844,221446086,Gananoque,132393
44.3374153,-76.1503669,2,King Street East (779),a,King Street East,105,11393866,556101779,Gananoque,132393
44.3374464,-76.1503212,2,King Street East (137),a,King Street East,105,11393866,221448137,Gananoque,132393
44.3374464,-76.1503212,2,Charmichael Drive (654),a,Charmichael Drive,5,11393912,221451654,Gananoque,132393
44.3375574,-76.1501563,2,King Street East (138),a,King Street East,105,11393866,221448138,Gananoque,132393
44.3375786,-76.1657501,2,Charles Street North (573),a,Charles Street North,32,11393844,408548573,Gananoque,132393
44.3376096,-76.1589585,2,Herbert Street (761),a,Herbert Street,12,11393841,221445761,Gananoque,132393
44.3377562,-76.1498518,2,King Street East (139),a,King Street East,105,11393866,221448139,Gananoque,132393
44.3377712,-76.1658972,2,Charles Street North (087),a,Charles Street North,32,11393844,221446087,Gananoque,132393
44.3378579,-76.1496909,2,King Street East (140),a,King Street East,105,11393866,221448140,Gananoque,132393
44.3379051,-76.166042,2,Charles Street North (574),a,Charles Street North,32,11393844,408548574,Gananoque,132393
44.3379254,-76.1715953,2,Booth Street (352),a,Booth Street,5,11393882,221449352,Gananoque,132393
44.3380523,-76.1706319,2,Queen Street (306),a,Queen Street,9,11393881,221449306,Gananoque,132393
44.3380523,-76.1706319,2,Queen Street (311),a,Queen Street,9,11393881,221449311,Gananoque,132393
44.3380523,-76.1706319,2,Booth Street (350),a,Booth Street,5,11393882,221449350,Gananoque,132393
44.3380523,-76.1706319,2,Booth Street (353),a,Booth Street,5,11393882,221449353,Gananoque,132393
44.3380658,-76.1662868,2,Charles Street North (088),a,Charles Street North,32,11393844,221446088,Gananoque,132393
44.3381706,-76.1491866,2,King Street East (141),a,King Street East,105,11393866,221448141,Gananoque,132393
44.3381853,-76.1695479,2,Booth Street (927),a,Booth Street,5,11393882,353132927,Gananoque,132393
44.3381954,-76.1694654,2,Booth Street (351),a,Booth Street,5,11393882,221449351,Gananoque,132393
44.3381954,-76.1694654,2,Stone Street North (721),a,Stone Street North,24,11393913,221451721,Gananoque,132393
44.3382241,-76.1667279,2,Charles Street North (575),a,Charles Street North,32,11393844,408548575,Gananoque,132393
44.3382512,-76.1489801,2,King Street East (142),a,King Street East,105,11393866,221448142,Gananoque,132393
44.3382662,-76.1669158,2,Charles Street North (089),a,Charles Street North,32,11393844,221446089,Gananoque,132393
44.3382685,-76.1489258,2,King Street East (078),a,King Street East,105,11393866,504247078,Gananoque,132393
44.3382966,-76.1672106,2,Charles Street North (090),a,Charles Street North,32,11393844,221446090,Gananoque,132393
44.3382994,-76.1488286,2,King Street East (666),a,King Street East,105,11393866,408548666,Gananoque,132393
44.3383099,-76.1529135,2,Wilson Drive (220),a,Wilson Drive,11,11393876,401213220,Gananoque,132393
44.338324,-76.1600756,2,Herbert Street (762),a,Herbert Street,12,11393841,221445762,Gananoque,132393
44.3383317,-76.148677,2,King Street East (143),a,King Street East,105,11393866,221448143,Gananoque,132393
44.3383579,-76.1674215,2,Charles Street North (576),a,Charles Street North,32,11393844,408548576,Gananoque,132393
44.3383758,-76.1484342,2,King Street East (144),a,King Street East,105,11393866,221448144,Gananoque,132393
44.3383893,-76.1483015,2,King Street East (145),a,King Street East,105,11393866,221448145,Gananoque,132393
44.3384164,-76.1479813,2,King Street East (254),a,King Street East,105,11393866,401213254,Gananoque,132393
44.3384459,-76.1476336,2,King Street East (146),a,King Street East,105,11393866,221448146,Gananoque,132393
44.3384512,-76.1474918,2,King Street East (147),a,King Street East,105,11393866,221448147,Gananoque,132393
44.3384535,-76.1474297,2,King Street East (255),a,King Street East,105,11393866,401213255,Gananoque,132393
44.3384593,-76.1472773,2,King Street East (148),a,King Street East,105,11393866,221448148,Gananoque,132393
44.3384641,-76.1471495,2,King Street East (149),a,King Street East,105,11393866,221448149,Gananoque,132393
44.3384666,-76.1470948,2,King Street East (416),a,King Street East,105,11393866,318634416,Gananoque,132393
44.3384718,-76.1469778,2,King Street East (150),a,King Street East,105,11393866,221448150,Gananoque,132393
44.3384846,-76.1529154,2,Wilson Drive (021),a,Wilson Drive,11,11393876,221449021,Gananoque,132393
44.3385065,-76.1457377,2,King Street East (256),a,King Street East,105,11393866,401213256,Gananoque,132393
44.3385101,-76.1456108,2,King Street East (128),a,King Street East,105,11393866,221448128,Gananoque,132393
44.3385101,-76.1456108,2,King Street East (131),a,King Street East,105,11393866,221448131,Gananoque,132393
44.3385101,-76.1456108,2,King Street East (151),a,King Street East,105,11393866,221448151,Gananoque,132393
44.3385223,-76.1450159,2,King Street East (241),a,King Street East,105,11393866,401213241,Gananoque,132393
44.3386248,-76.1679388,2,Charles Street North (577),a,Charles Street North,32,11393844,408548577,Gananoque,132393
44.3386628,-76.1680231,2,Charles Street North (091),a,Charles Street North,32,11393844,221446091,Gananoque,132393
44.3386805,-76.1695736,2,Stone Street North (654),a,Stone Street North,24,11393913,408548654,Gananoque,132393
44.3388444,-76.1724039,2,Alberta Street (230),a,Alberta Street,5,11393879,221449230,Gananoque,132393
44.33901,-76.1708586,2,Queen Street (634),a,Queen Street,9,11393881,408548634,Gananoque,132393
44.3390539,-76.16966,2,Stone Street North (653),a,Stone Street North,24,11393913,408548653,Gananoque,132393
44.3390941,-76.1708785,2,Alberta Street (228),a,Alberta Street,5,11393879,221449228,Gananoque,132393
44.3390941,-76.1708785,2,Alberta Street (231),a,Alberta Street,5,11393879,221449231,Gananoque,132393
44.3390941,-76.1708785,2,Queen Street (309),a,Queen Street,9,11393881,221449309,Gananoque,132393
44.3390941,-76.1708785,2,Queen Street (312),a,Queen Street,9,11393881,221449312,Gananoque,132393
44.3391374,-76.1692259,2,Charles Street North (092),a,Charles Street North,32,11393844,221446092,Gananoque,132393
44.3391374,-76.1692259,2,Charles Street North (093),a,Charles Street North,32,11393844,221446093,Gananoque,132393
44.3391374,-76.1692259,2,James A. Brennan Road (894),a,James A. Brennan Road,8,22071883,513345894,Gananoque,132393
44.3391549,-76.1703419,2,Alberta Street (630),a,Alberta Street,5,11393879,408548630,Gananoque,132393
44.3392251,-76.1691428,2,James A. Brennan Road (900),a,James A. Brennan Road,8,22071883,513345900,Gananoque,132393
44.339228,-76.1697002,2,Charles Street North (096),a,Charles Street North,32,11393844,221446096,Gananoque,132393
44.339228,-76.1697002,2,Alberta Street (229),a,Alberta Street,5,11393879,221449229,Gananoque,132393
44.339228,-76.1697002,2,Stone Street North (720),a,Stone Street North,24,11393913,221451720,Gananoque,132393
44.3392323,-76.1696665,2,Charles Street North (095),a,Charles Street North,32,11393844,221446095,Gananoque,132393
44.3392323,-76.1695729,2,Charles Street North (094),a,Charles Street North,32,11393844,221446094,Gananoque,132393
44.3394848,-76.1688968,2,James A. Brennan Road (901),a,James A. Brennan Road,8,22071883,513345901,Gananoque,132393
44.3412191,-76.1672541,2,James A. Brennan Road (895),a,James A. Brennan Road,8,22071883,513345895,Gananoque,132393
44.3413747,-76.1714758,2,Queen Street (310),a,Queen Street,9,11393881,221449310,Gananoque,132393
44.3414119,-76.1669427,2,James A. Brennan Road (896),a,James A. Brennan Road,8,22071883,513345896,Gananoque,132393
44.3415047,-76.1665048,2,James A. Brennan Road (897),a,James A. Brennan Road,8,22071883,513345897,Gananoque,132393
44.3417117,-76.1653056,2,James A. Brennan Road (899),a,James A. Brennan Road,8,22071883,513345899,Gananoque,132393
44.3417395,-76.1651737,2,James A. Brennan Road (898),a,James A. Brennan Road,8,22071883,513345898,Gananoque,132393
